"hfpxzc href","qBF1Pd","MW4etd","UY7F9","W4Efsd","W4Efsd 2","W4Efsd 3","W4Efsd 4","W4Efsd 5","W4Efsd 6","UsdlK","lcr4fd href","Cw1rxd","R8c4Qb","Cw1rxd 2","R8c4Qb 2","ah5Ghc","Jn12ke src","e4rVHe"
"","","","","","","","","","","","","","","","","","",""
"","","","","","","","","","","","","","","","","","",""
"https://www.google.com.br/maps/place/Gabriela+Brand%C3%A3o+Advocacia/data=!4m7!3m6!1s0x975d580262425f:0x896d9a51c756a4ef!8m2!3d-22.8934496!4d-42.4679364!16s%2Fg%2F11qqn2dyq3!19sChIJX0JiAlhdlwAR76RWx1GabYk?authuser=0&hl=pt-BR&rclk=1","Gabriela Brandão Advocacia","5,0","(177)","Advogado","·","R. Alfredo Menezes, 55 - Sala 101","Aberto","⋅ Fecha às 17:00","·","(22) 99936-7904","https://www.brandaoesa.com/","","Website","","Rotas","Serviços no local","",""
"https://www.google.com.br/maps/place/DR.+Renan+Gondim/data=!4m7!3m6!1s0x975f0d03d05247:0x2cdd682e77422fec!8m2!3d-22.8896436!4d-42.4667593!16s%2Fg%2F11ldktl98b!19sChIJR1LQAw1flwAR7C9Cdy5o3Sw?authuser=0&hl=pt-BR&rclk=1","DR. Renan Gondim","5,0","(33)","Advogado","·","FLY SHOPPING - Rod. Amaral Peixoto, 51 - sala 25 térreo","Aberto","⋅ Fecha às 17:00","·","(22) 99875-9005","https://renangondim.com.br/","","Website","","Rotas","""Excelente advogado tá de parabéns, esse resolve.""","https://ssl.gstatic.com/local/servicebusiness/default_user.png",""
"https://www.google.com.br/maps/place/Marcia+Alves+Advocacia/data=!4m7!3m6!1s0x975deb9674f5f5:0x9402b83c04b86564!8m2!3d-22.895394!4d-42.4692773!16s%2Fg%2F11qpsj4qw6!19sChIJ9fV0lutdlwARZGW4BDy4ApQ?authuser=0&hl=pt-BR&rclk=1","Marcia Alves Advocacia","5,0","(84)","Escritório de advocacia","·","·","Aberto","⋅ Fecha às 17:00","R. Beatriz Amaral Pereira, 155 - Salas 106/107","(22) 99936-7004","https://www.instagram.com/marciaalvesadvocacia/","","Website","","Rotas","""Excelente","https://ssl.gstatic.com/local/servicebusiness/default_user.png",""
"https://www.google.com.br/maps/place/Holanda+e+Marinho+Advocacia/data=!4m7!3m6!1s0x975feadcc3b82d:0xe3f2466de274426d!8m2!3d-22.8942502!4d-42.4700751!16s%2Fg%2F11vbdy7hjv!19sChIJLbjD3OpflwARbUJ04m1G8uM?authuser=0&hl=pt-BR&rclk=1","Holanda e Marinho Advocacia","5,0","(35)","Advogado","·","Av. Saquarema, 5.397 - Sala 306","Aberto","⋅ Fecha às 17:00","·","(22) 99964-5184","https://holandaemarinhoadv.my.canva.site/holandaemarinhoadv","","Website","","Rotas","Agendamento on-line","",""
"https://www.google.com.br/maps/place/Evaldo+Tadeu+Melo+Sociedade+de+Advogados/data=!4m7!3m6!1s0x975d6afd5160bb:0xc1adbd49079bf9d!8m2!3d-22.894323!4d-42.4673365!16s%2Fg%2F11k_1pxh59!19sChIJu2BR_WpdlwARnb95kNTbGgw?authuser=0&hl=pt-BR&rclk=1","Evaldo Tadeu Melo Sociedade de Advogados","5,0","(14)","Advogado","·","R. Ernestina Bravo, 90","Aberto","⋅ Fecha às 18:00","·","(22) 2653-2973","http://evaldomeloadvocacia.com.br/","","Website","","Rotas","Serviços no local","",""
"https://www.google.com.br/maps/place/CAMARINHA+ADVOGADOS/data=!4m7!3m6!1s0x975d5a7fd5d909:0xd1bbe23d6e9b4a28!8m2!3d-22.8934496!4d-42.4679364!16s%2Fg%2F11rb__sdn_!19sChIJCdnVf1pdlwARKEqbbj3iu9E?authuser=0&hl=pt-BR&rclk=1","CAMARINHA ADVOGADOS","5,0","(1)","Advogado","·","R. Alfredo Menezes, 55 - Sala 101","Aberto 24 horas","","·","(22) 99953-0128","http://camarinhaadvogados.com.br/","","Website","","Rotas","""Ótimo Profissional""","https://ssl.gstatic.com/local/servicebusiness/default_user.png",""
"https://www.google.com.br/maps/place/Dr.+Gabriel+Abath+-+Advogado/data=!4m7!3m6!1s0x975d1c063b4d5b:0x2560fda7e12f8f3e!8m2!3d-22.8918848!4d-42.4725633!16s%2Fg%2F11h_7yff46!19sChIJW007BhxdlwARPo8v4af9YCU?authuser=0&hl=pt-BR&rclk=1","Dr. Gabriel Abath - Advogado","5,0","(16)","Advogado","·","R. Prof. Souza, 282","Aberto","⋅ Fecha às 17:00","·","(22) 99617-4224","","","Rotas","","","","",""
"https://www.google.com.br/maps/place/Advogado+em+Saquarema+-+Layla+Rangel+Correia/data=!4m7!3m6!1s0x976755e1a01e27:0x4a218ec6d8a1cb36!8m2!3d-22.891991!4d-42.4677445!16s%2Fg%2F11gf98yp7r!19sChIJJx6g4VVnlwARNsuh2MaOIUo?authuser=0&hl=pt-BR&rclk=1","Advogado em Saquarema - Layla Rangel Correia","5,0","(2)","Advogado","·","R. Prof. Francisco Fonseca, 187 - sala 103","Aberto","⋅ Fecha às 18:00","·","(22) 2161-1799","","","Rotas","","","","",""
"https://www.google.com.br/maps/place/Dr.+Leandro+Cabral+-+Advocacia+%26+Consultoria/data=!4m7!3m6!1s0x975e0bd09b59a5:0xd3624bbce055fac3!8m2!3d-22.8942533!4d-42.4700749!16s%2Fg%2F11b6hzpyn1!19sChIJpVmb0AtelwARw_pV4LxLYtM?authuser=0&hl=pt-BR&rclk=1","Dr. Leandro Cabral - Advocacia & Consultoria","4,3","(3)","Advogado","·","Av. Saquarema, 5397 - sala 302","Aberto","⋅ Fecha às 18:00","·","(22) 98857-1001","","","Rotas","","","Serviços no local","",""
"https://www.google.com.br/maps/place/Advogado+em+Saquarema/data=!4m7!3m6!1s0x975d5b641c9287:0x797029de50bc8e49!8m2!3d-22.8934412!4d-42.4680051!16s%2Fg%2F11tmm0y8fd!19sChIJh5IcZFtdlwARSY68UN4pcHk?authuser=0&hl=pt-BR&rclk=1","Advogado em Saquarema","4,7","(3)","Advogado(a) civil","·","R. Alfredo Menezes, 55","Aberto","⋅ Fecha às 17:00","·","(22) 99936-7904","http://www.brandaoesa.com/","","Website","","Rotas","""Super atenciosos e prestativos, resolveram o meu problema""","https://ssl.gstatic.com/local/servicebusiness/default_user.png",""
"https://www.google.com.br/maps/place/Bas%C3%ADlio+%26+Esteves+Advogados/data=!4m7!3m6!1s0x975dfe3ef1ec5d:0xebf5c73ff61fa689!8m2!3d-22.8951021!4d-42.471368!16s%2Fg%2F1hbpwsthy!19sChIJXezxPv5dlwARiaYf9j_H9es?authuser=0&hl=pt-BR&rclk=1","Basílio & Esteves Advogados","5,0","(9)","Advogado","·","Av. Saquarema, 5285","Aberto","⋅ Fecha às 19:00","·","(22) 98155-2221","http://www.estevesadvogados.adv.br/","","Website","","Rotas","""Excelentes profissionais, muita competência e seriedade.""","https://ssl.gstatic.com/local/servicebusiness/default_user.png",""
"https://www.google.com.br/maps/place/T%C3%82NIA+LOREN%C3%87%C3%83O+ADVOGADA+PREVIDENCI%C3%81RIA/data=!4m7!3m6!1s0x975fa34559928f:0x8e92b172cf4cc1bd!8m2!3d-22.8931902!4d-42.4709618!16s%2Fg%2F11kpgw8llq!19sChIJj5JZRaNflwARvcFMz3Kxko4?authuser=0&hl=pt-BR&rclk=1","TÂNIA LORENÇÃO ADVOGADA PREVIDENCIÁRIA","5,0","(10)","Advogado previdenciário","·","R. Prof. Souza, 46 - Salas102/103","Aberto","⋅ Fecha às 17:00","·","(22) 99896-9987","https://www.lorencaoesimoes.com/","","Website","","Rotas","""Muito competente, resolveu rapidamente o Auxilio da minha sogra.""","https://ssl.gstatic.com/local/servicebusiness/default_user.png",""
"https://www.google.com.br/maps/place/Grupo+Priscila+Motta/data=!4m7!3m6!1s0x975dfef782bb59:0xd1afc07cf9915ced!8m2!3d-22.8946842!4d-42.4696177!16s%2Fg%2F11c1wznh4g!19sChIJWbuC9_5dlwAR7VyR-XzAr9E?authuser=0&hl=pt-BR&rclk=1","Grupo Priscila Motta","4,8","(19)","Advogado","·","R. Heitor Bravo, 15 - 01","Aberto","⋅ Fecha às 18:00","·","(22) 2653-3294","http://grupopriscilamotta.com.br/","","Website","","Rotas","""Muito satisfeito com a atenção e o atendimento.""","https://ssl.gstatic.com/local/servicebusiness/default_user.png",""
"https://www.google.com.br/maps/place/Marianne+Siqueira+Advocacia/data=!4m7!3m6!1s0x975dd056ee8563:0xc7a82fc22351ffcb!8m2!3d-22.8933941!4d-42.4682485!16s%2Fg%2F11qb3k7w9s!19sChIJY4XuVtBdlwARy_9RI8IvqMc?authuser=0&hl=pt-BR&rclk=1","Marianne Siqueira Advocacia","4,7","(16)","Escritório de advocacia","·","·","Aberto","⋅ Fecha às 18:00","Praça Santo Antonio, Nº 230 - Sala 101","(22) 98810-2022","","","Rotas","","","""Excelente profissional, trabalha de forma clara e justa.""","https://ssl.gstatic.com/local/servicebusiness/default_user.png",""
"https://www.google.com.br/maps/place/Gabriella+Filardi+Advocacia+Individual/data=!4m7!3m6!1s0x9767c7eb919455:0xb1adc3373778fe8a!8m2!3d-22.8904921!4d-42.4661592!16s%2Fg%2F11ksbc9s1d!19sChIJVZSR68dnlwARiv54NzfDrbE?authuser=0&hl=pt-BR&rclk=1","Gabriella Filardi Advocacia Individual","5,0","(4)","Advogado","·","Rod. Amaral Peixoto, km71 - n 140, sala 1,3 e 4","Aberto","⋅ Fecha às 22:30","·","(22) 98810-7949","https://www.linkedin.com/in/gabriella-filardi-6646a7122","","Website","","Rotas","Serviços no local","",""
"https://www.google.com.br/maps/place/Julio+Cesar+Silva+Advogado/data=!4m7!3m6!1s0x976129f8b6a847:0xc177e20876605072!8m2!3d-22.8864279!4d-42.4771171!16s%2Fg%2F11h0m6gjpc!19sChIJR6i2-ClhlwARclBgdgjid8E?authuser=0&hl=pt-BR&rclk=1","Julio Cesar Silva Advogado","5,0","(1)","Escritório de advocacia","·","R. Tia Mello, 009","Aberto","⋅ Fecha às 17:00","","","","","Rotas","","","","",""
"https://www.google.com.br/maps/place/Cain%C3%A3+Vidal+Azeredo+-+Advogado/data=!4m7!3m6!1s0x975dffcac86005:0x6912c7df184c4a!8m2!3d-22.8951383!4d-42.4663309!16s%2Fg%2F11qb4_n0h5!19sChIJBWDIyv9dlwARSkwY38cSaQA?authuser=0&hl=pt-BR&rclk=1","Cainã Vidal Azeredo - Advogado","5,0","(4)","Advogado criminal","·","·","Aberto","⋅ Fecha às 17:00","R. Humberto Ferreira de Castro","(22) 99849-4897","https://cainavidal.jusbrasil.com.br/","","Website","","Rotas","Serviços no local","",""
"https://www.google.com.br/maps/place/Sandy+Freitas+%E2%80%93+Advogada+Criminalista+em+Araruama+RJ/data=!4m7!3m6!1s0x2442a8af2f2d01df:0x5e289f214473ca23!8m2!3d-22.8828077!4d-42.3700284!16s%2Fg%2F11wq905fs2!19sChIJ3wEtL6-oQiQRI8pzRCGfKF4?authuser=0&hl=pt-BR&rclk=1","Sandy Freitas – Advogada Criminalista em Araruama RJ","5,0","(13)","Advogado","·","Rod. Amaral Peixoto, km 80 - s/n","Aberto 24 horas","","·","(21) 97033-6202","https://www.sandyfreitas.com/","","Website","","Rotas","Agendamento on-line","",""
"https://www.google.com.br/maps/place/Suely+e+Pablo/data=!4m7!3m6!1s0x9767e243cf6371:0x9e1b16497d1cf716!8m2!3d-22.8656439!4d-42.4238925!16s%2Fg%2F11l2lrw51f!19sChIJcWPPQ-JnlwARFvccfUkWG54?authuser=0&hl=pt-BR&rclk=1","Suely e Pablo","","","Advogado","·","Rua Noêmia Lucas Pereira, 09 - Bicuíba","Aberto agora","","","","","","Rotas","","","","","Nenhuma avaliação"
"https://www.google.com.br/maps/place/Amorim+Advogados/data=!4m7!3m6!1s0x97673ef84e8f7b:0xbcebd57b41910995!8m2!3d-22.8915416!4d-42.4675451!16s%2Fg%2F11vwh1mk_z!19sChIJe49O-D5nlwARlQmRQXvV67w?authuser=0&hl=pt-BR&rclk=1","Amorim Advogados","","","Escritório de advocacia","·","R. Prof. Francisco Fonseca, 235 - sala 104","Aberto","⋅ Fecha às 18:00","·","(22) 99963-5354","","","Rotas","","","","","Nenhuma avaliação"
"https://www.google.com.br/maps/place/Juliana+Abreu+Advogada/data=!4m7!3m6!1s0x975de5ee57e7cf:0xa7a833c87a022fbc!8m2!3d-22.8932548!4d-42.4715939!16s%2Fg%2F11lm2y4m31!19sChIJz-dX7uVdlwARvC8CesgzqKc?authuser=0&hl=pt-BR&rclk=1","Juliana Abreu Advogada","5,0","(1)","Escritório de advocacia","·","Rua José Beijo de Amorim, 88","Aberto","⋅ Fecha às 17:00","·","(22) 98828-2977","https://instagram.com/julianaabreuadv?utm_medium=copy_link","","Website","","Rotas","","",""
"https://www.google.com.br/maps/place/Mariana+Pedroso+Advogados+%7C+Advogado+Saquarema/data=!4m7!3m6!1s0x975ffc200fb473:0x1694b3971170081c!8m2!3d-22.9153979!4d-42.4767589!16s%2Fg%2F11h40907tv!19sChIJc7QPIPxflwARHAhwEZezlBY?authuser=0&hl=pt-BR&rclk=1","Mariana Pedroso Advogados | Advogado Saquarema","5,0","(92)","Escritório de advocacia","·","Av. Saquarema, 2860 - sala 104","Aberto","⋅ Fecha às 18:00","·","(22) 3205-2780","https://marianapedrosoadvogados.com.br/","","Website","","Rotas","""Parabenizo a equipe de advogados pelo excelente trabalho realizado.""","https://ssl.gstatic.com/local/servicebusiness/default_user.png",""
"https://www.google.com.br/maps/place/Talita+Gl%C3%B3ria+Advocacia+%26+Consultoria+Jur%C3%ADdica/data=!4m7!3m6!1s0x975d3c5c3b40a5:0xfb79cb66a412d2b3!8m2!3d-22.8932285!4d-42.4704439!16s%2Fg%2F11kb_r9pl0!19sChIJpUA7XDxdlwARs9ISpGbLefs?authuser=0&hl=pt-BR&rclk=1","Talita Glória Advocacia & Consultoria Jurídica","5,0","(1)","Advogado","·","R. Prof. Souza, 111 - Sobreloja","Aberto","⋅ Fecha às 18:00","·","(22) 99888-5599","http://talitagloriaadvogados.com/","","Website","","Rotas","","",""
"https://www.google.com.br/maps/place/SANDRO+ROCHA+ADVOCACIA/data=!4m7!3m6!1s0x975dde9bc016c7:0x690d8ebfe5f4c46d!8m2!3d-22.8954956!4d-42.4710385!16s%2Fg%2F11wq051p90!19sChIJxxbAm95dlwARbcT05b-ODWk?authuser=0&hl=pt-BR&rclk=1","SANDRO ROCHA ADVOCACIA","5,0","(2)","Advogado","·","R. Beatriz Amaral Pereira, 26 - 3ºANDAR, SALA 15","Aberto","⋅ Fecha às 18:00","·","(22) 99924-4009","https://www.sandrorocha.adv.br/","","Website","","Rotas","Agendamento on-line","",""
"https://www.google.com.br/maps/place/Thyago+Villanova+Fazanelli+Advogados+Associados/data=!4m7!3m6!1s0x9767064269576b:0x9bb9fa5a99d467c!8m2!3d-22.890503!4d-42.4661853!16s%2Fg%2F11spn8xw0w!19sChIJa1dpQgZnlwARfEadqaWfuwk?authuser=0&hl=pt-BR&rclk=1","Thyago Villanova Fazanelli Advogados Associados","","","Advogado","·","Rodovia Amaral Peixoto, Km 71 140, SL 01","Aberto","⋅ Fecha às 17:30","·","(22) 99234-3953","","","Rotas","","","","","Nenhuma avaliação"
"https://www.google.com.br/maps/place/Escrit%C3%B3rio+de+Advocacia+Evaldo+Freires/data=!4m7!3m6!1s0x975d67ec4227e5:0x166f7f6e64ea3b6e!8m2!3d-22.8947583!4d-42.4715021!16s%2Fg%2F11krhy5819!19sChIJ5SdC7GddlwARbjvqZG5_bxY?authuser=0&hl=pt-BR&rclk=1","Escritório de Advocacia Evaldo Freires","5,0","(1)","Advogado","·","R. José B de Amorim, 18","Aberto","⋅ Fecha às 18:00","·","(22) 98822-3093","","","Rotas","","","Agendamento on-line","",""
"https://www.google.com.br/maps/place/Advocacia+Silvia+Souza/data=!4m7!3m6!1s0x975e772a054011:0x479313fffa750c0d!8m2!3d-22.915721!4d-42.4771309!16s%2Fg%2F11btth1pkp!19sChIJEUAFKndelwARDQx1-v8Tk0c?authuser=0&hl=pt-BR&rclk=1","Advocacia Silvia Souza","4,9","(332)","Escritório de advocacia","·","·","Aberto","⋅ Fecha às 18:00","Av. Saquarema, 2811","(22) 3199-0799","http://www.silviasouza.adv.br/","","Website","","Rotas","""Maravilhosa, escritório e profissionais muito competentes e resolutivos.""","https://ssl.gstatic.com/local/servicebusiness/default_user.png",""
"https://www.google.com.br/maps/place/Advocacia+Silvia+Souza+%7C+Filial+Barreira/data=!4m7!3m6!1s0x975fa5dbbd05e7:0x75d01a78fc4c7635!8m2!3d-22.8918851!4d-42.4786299!16s%2Fg%2F11vf41092y!19sChIJ5wW926VflwARNXZM_Hga0HU?authuser=0&hl=pt-BR&rclk=1","Advocacia Silvia Souza | Filial Barreira","5,0","(1)","Escritório de advocacia","·","R. Manoel Domingos dos Santos, 650 - Loja 03","Fecha em breve","⋅ 16:00 ⋅ Abre qui. às 08:00","·","(21) 98666-0999","https://silviasouza.adv.br/","","Website","","Rotas","","",""
"https://www.google.com.br/maps/place/Lima+e+Soares+advogados/data=!4m7!3m6!1s0x975da77b0cff3d:0x4bdf370e5bdfb690!8m2!3d-22.8951714!4d-42.4699644!16s%2Fg%2F11vr1td86n!19sChIJPf8Me6ddlwARkLbfWw4330s?authuser=0&hl=pt-BR&rclk=1","Lima e Soares advogados","5,0","(6)","Empresa de advocacia","·","R. Heitor Bravo, 60","Fechado","⋅ Abre qui. às 10:00","·","(22) 99762-1661","","","Rotas","","","""Advogados competentes.. super indico.""","https://ssl.gstatic.com/local/servicebusiness/default_user.png",""
"https://www.google.com.br/maps/place/Jo%C3%A3o+Gl%C3%B3ria+-+Advocacia/data=!4m7!3m6!1s0x97677b5212efd9:0x86b071ea0ed6894e!8m2!3d-22.8929755!4d-42.4684076!16s%2Fg%2F11h7jftgbv!19sChIJ2e8SUntnlwARTonWDupxsIY?authuser=0&hl=pt-BR&rclk=1","João Glória - Advocacia","5,0","(3)","Advogado(a) civil","·","R. Prof. Francisco Fonseca, 55 - sobreloja","Aberto agora","","·","(22) 2653-2950","","","Rotas","","","""Um excelente advogado!""","https://ssl.gstatic.com/local/servicebusiness/default_user.png",""
"https://www.google.com.br/maps/place/VP+Advocacia/data=!4m7!3m6!1s0x975dc78eda552f:0x8aa7d48b846a3224!8m2!3d-22.9019514!4d-42.461542!16s%2Fg%2F11pd2zvv5w!19sChIJL1XajsddlwARJDJqhIvUp4o?authuser=0&hl=pt-BR&rclk=1","VP Advocacia","","","Advogado","·","R. Jacarepiá, 2080","Aberto 24 horas","","·","(21) 98129-4893","https://www.facebook.com/seujuridicoonline","","Website","","Rotas","","","Nenhuma avaliação"
"https://www.google.com.br/maps/place/Advocacia+Expressa/data=!4m7!3m6!1s0x9760aabe9079d1:0xb2db05b57662191d!8m2!3d-22.8900781!4d-42.4735123!16s%2Fg%2F11c2ptxpkj!19sChIJ0XmQvqpglwARHRlidrUF27I?authuser=0&hl=pt-BR&rclk=1","Advocacia Expressa","4,5","(2)","Advogado","·","R. Prof. Souza","","","","","","","Rotas","","","","",""
"https://www.google.com.br/maps/place/Coelho+%26+Lisboa+Advocacia+Especializada/data=!4m7!3m6!1s0x975d454efe99bf:0x6868fae6d0360838!8m2!3d-22.8940004!4d-42.4718199!16s%2Fg%2F11l75tx_9q!19sChIJv5n-TkVdlwAROAg20Ob6aGg?authuser=0&hl=pt-BR&rclk=1","Coelho & Lisboa Advocacia Especializada","","","Advogado","·","Rua José Beijo Amorim, 47 - loja 6","Aberto","⋅ Fecha às 17:00","·","(22) 99998-5973","https://www.coelhoelisboa.adv.br/","","Website","","Rotas","","","Nenhuma avaliação"
"https://www.google.com.br/maps/place/SOUZA+%26+ANDRADE/data=!4m7!3m6!1s0x975fbd72e46d87:0x1b13b32ee115c0c5!8m2!3d-22.8950173!4d-42.4725537!16s%2Fg%2F11w1k1n_yz!19sChIJh23kcr1flwARxcAV4S6zExs?authuser=0&hl=pt-BR&rclk=1","SOUZA & ANDRADE","","","Advogado","·","Rua: Capitão Nunes, 92","Aberto","⋅ Fecha às 16:30","·","(22) 98120-0878","","","Rotas","","","","","Nenhuma avaliação"
"https://www.google.com.br/maps/place/Gide%C3%A3o+Paix%C3%A3o+Mendes/data=!4m7!3m6!1s0x975d9de9f6c87b:0x20b38e6d242fc35e!8m2!3d-22.8932059!4d-42.4716254!16s%2Fg%2F11vsbn9z05!19sChIJe8j26Z1dlwARXsMvJG2OsyA?authuser=0&hl=pt-BR&rclk=1","Gideão Paixão Mendes","","","Advogado criminal","·","RUA JOSÉ DO BEIJO AMORIM, 88 - loja 01","Aberto","⋅ Fecha às 18:00","·","(22) 99104-2624","","","Rotas","","","","","Nenhuma avaliação"
"https://www.google.com.br/maps/place/DMD+ADVOCACIA+SUSTENT%C3%81VEL/data=!4m7!3m6!1s0x975f5e2697d733:0xb4603269d1adf05b!8m2!3d-22.9066911!4d-42.4752389!16s%2Fg%2F11kq3ytpk7!19sChIJM9eXJl5flwARW_Ct0WkyYLQ?authuser=0&hl=pt-BR&rclk=1","DMD ADVOCACIA SUSTENTÁVEL","4,0","(4)","Advogado","·","·","Aberto","⋅ Fecha às 20:00","Av. Saquarema, n° 3.001 - LOJA 3","(21) 97100-6149","https://dmdadvocaciasustentavel.com.br/","","Website","","Rotas","""Podem confiar, fui muito bem atendido e consegui meu benefício.""","https://ssl.gstatic.com/local/servicebusiness/default_user.png",""
"https://www.google.com.br/maps/place/Diogenes+Ramos+Advocacia/data=!4m7!3m6!1s0x976924786dc62d:0x533a7f3a265c830!8m2!3d-22.8936426!4d-42.3631521!16s%2Fg%2F11s864y45g!19sChIJLcZteCRplwARMMhlovOnMwU?authuser=0&hl=pt-BR&rclk=1","Diogenes Ramos Advocacia","5,0","(1)","Advogado","·","·","Aberto","⋅ Fecha às 17:00","R. Guimarães Rodrigues, 37 - frente","(22) 98809-7950","http://diogenesramosadvocacia.jur.adv.br/","","Website","","Rotas","","",""
"https://www.google.com.br/maps/place/J%C3%BAlia+Cabral+Advocacia/data=!4m7!3m6!1s0x2e797a4877b9d6f3:0x2cace36f23190f58!8m2!3d-22.3269215!4d-45.0993127!16s%2Fg%2F11v9vs4rcl!19sChIJ89a5d0h6eS4RWA8ZI2_jrCw?authuser=0&hl=pt-BR&rclk=1","Júlia Cabral Advocacia","5,0","(22)","Advogado(a) civil","","·","Aberto","⋅ Fecha às 18:00","","(22) 99243-1446","","","Rotas","","","""Muito atenciosa, excelente profissional!""","https://ssl.gstatic.com/local/servicebusiness/default_user.png",""
"https://www.google.com.br/maps/place/Nirello+e+Rosa+Sociedade+de+advogados/data=!4m7!3m6!1s0x9769160ddf0a79:0xb7ae49fcd40c9ecb!8m2!3d-22.877758!4d-42.340306!16s%2Fg%2F11b76ndkvr!19sChIJeQrfDRZplwARy54M1PxJrrc?authuser=0&hl=pt-BR&rclk=1","Nirello e Rosa Sociedade de advogados","4,7","(23)","Advogado","·","AV. JOHN KENNEDY Nº 150 – 2º PISO GRUPO 231/232/233","Aberto","⋅ Fecha às 18:00","·","(22) 2673-1913","http://www.nirelloerosa.com.br/","","Website","","Rotas","""Ponto de referência do escritório, por favor.""","https://ssl.gstatic.com/local/servicebusiness/default_user.png",""
"https://www.google.com.br/maps/place/Advogado+Saquarema+Renato+Ribeiro/data=!4m7!3m6!1s0x975d3ae6fcf5d3:0x5b61628acf0814c5!8m2!3d-22.8947295!4d-42.4704213!16s%2Fg%2F11j6_4wzby!19sChIJ0_X85jpdlwARxRQIz4piYVs?authuser=0&hl=pt-BR&rclk=1","Advogado Saquarema Renato Ribeiro","","","Partido Político","·","Av. Saquarema, 5414 - sala 07","","","","(22) 98123-5457","","","Rotas","","","","","Nenhuma avaliação"
"https://www.google.com.br/maps/place/Advogada+Familiarista+-+Dra+Lorrayne+Porto/data=!4m7!3m6!1s0x9769424a6494f5:0xc2f07a9f420001e4!8m2!3d-22.8754563!4d-42.3403522!16s%2Fg%2F11w3xf17_9!19sChIJ9ZRkSkJplwAR5AEAQp968MI?authuser=0&hl=pt-BR&rclk=1","Advogada Familiarista - Dra Lorrayne Porto","5,0","(19)","Advogado de Direito de Família","·","·","Aberto","⋅ Fecha às 17:00","Av. Nilo Peçanha, 259","(22) 99794-6781","","","Rotas","","","Agendamento on-line","",""
"https://www.google.com.br/maps/place/Advogada+Familiarista+-+Ilka+Nolasco/data=!4m7!3m6!1s0x97692d7d42914f:0x2bf7baa65bd9bf5a!8m2!3d-22.8754563!4d-42.3403522!16s%2Fg%2F11y6ktw7cj!19sChIJT5FCfS1plwARWr_ZW6a69ys?authuser=0&hl=pt-BR&rclk=1","Advogada Familiarista - Ilka Nolasco","5,0","(35)","Advogado de Direito de Família","·","Av. Nilo Peçanha, 259 - sala 412","Aberto","⋅ Fecha às 18:00","·","(22) 99779-6649","https://ilkanolasco.com.br/inventario-e-planejamento-sucessorio/","","Website","","Rotas","""Uma excelente advogada muito competente e atenciosa""","https://ssl.gstatic.com/local/servicebusiness/default_user.png",""
"https://www.google.com.br/maps/place/Louise+Cordeiro+-+Advogada+Criminalista/data=!4m7!3m6!1s0x9769604140e525:0x9069398077cd12a!8m2!3d-22.8754563!4d-42.3403522!16s%2Fg%2F11kq61hpvz!19sChIJJeVAQWBplwARKtF8B5iTBgk?authuser=0&hl=pt-BR&rclk=1","Louise Cordeiro - Advogada Criminalista","5,0","(74)","Advogado","·","Av. Nilo Peçanha, 259","Aberto 24 horas","","·","(22) 98834-8318","https://wa.me/message/CTKJX2NXLRZKM1","","Website","","Rotas","Agendamento on-line","",""
"https://www.google.com.br/maps/place/GS+Advogados/data=!4m7!3m6!1s0x975e749466f9c7:0xd4efed130966e157!8m2!3d-22.9107886!4d-42.4763257!16s%2Fg%2F11gdlsyh7h!19sChIJx_lmlHRelwARV-FmCRPt79Q?authuser=0&hl=pt-BR&rclk=1","GS Advogados","5,0","(1)","Escritório de advocacia","·","Av. Saquarema, 3253","","","","(22) 2651-9496","","","Rotas","","","","",""
"https://www.google.com.br/maps/place/Advogado+INSS,+C%C3%8DVEL+E+TRABALHISTA+-+Regi%C3%A3o+dos+Lagos+-+Dra.+Cl%C3%A1udia+Pereira/data=!4m7!3m6!1s0x976d4e7c4b092f:0x18df5041ecf1f346!8m2!3d-22.8761554!4d-42.3395768!16s%2Fg%2F11rhbry_6w!19sChIJLwlLfE5tlwARRvPx7EFQ3xg?authuser=0&hl=pt-BR&rclk=1","Advogado INSS, CÍVEL E TRABALHISTA - Região dos Lagos - Dra. Cláudia Pereira","5,0","(5)","Empresa de advocacia","·","·","Aberto","⋅ Fecha às 17:00","Av. Nilo Peçanha, 167 - sala 219","(22) 99958-2875","https://advogadotrabalhistaregiaodoslagos.webnode.page/","","Website","","Rotas","Serviços no local","",""
"https://www.google.com.br/maps/place/%C3%9Anica+DPVAT/data=!4m7!3m6!1s0x976755f895741f:0xf6ac1722405ab57b!8m2!3d-22.892801!4d-42.467935!16s%2Fg%2F11c743m42b!19sChIJH3SV-FVnlwARe7VaQCIXrPY?authuser=0&hl=pt-BR&rclk=1","Única DPVAT","","","Advogado de seguros","·","R. Prof. Francisco Fonseca, 86 - SALA 101","Aberto","⋅ Fecha às 17:00","·","(21) 3313-1128","","","Rotas","","","","","Nenhuma avaliação"
"https://www.google.com.br/maps/place/Ferreira+e+Garcia+Advogados+Associados/data=!4m7!3m6!1s0x976d932d84c36b:0x802440e9f5e54d70!8m2!3d-22.8753057!4d-42.3378665!16s%2Fg%2F1tzvxslf!19sChIJa8OELZNtlwARcE3l9elAJIA?authuser=0&hl=pt-BR&rclk=1","Ferreira e Garcia Advogados Associados","5,0","(38)","Advogado tributarista","·","Rua Coronel - R. Francisco Alves da Silva, 72 - sala 110","Aberto","⋅ Fecha às 17:00","·","(22) 98811-7935","http://www.ferreiragarciaadv.com/","","Website","","Rotas","Serviços no local","",""
"https://www.google.com.br/maps/place/Advogada+Previdenci%C3%A1ria+-+Danielle+Le%C3%A3o/data=!4m7!3m6!1s0x9769cab2cefca5:0xd5cefd13122d7c0b!8m2!3d-22.8726382!4d-42.3412926!16s%2Fg%2F11y1knzrr2!19sChIJpfzOsspplwARC3wtEhP9ztU?authuser=0&hl=pt-BR&rclk=1","Advogada Previdenciária - Danielle Leão","5,0","(29)","Advogado previdenciário","·","Av. Nilo Peçanha","Aberto","⋅ Fecha às 17:00","·","(22) 99995-9473","","","Rotas","","","""Super atenciosa, proativa e ágil;""","https://ssl.gstatic.com/local/servicebusiness/default_user.png",""
"https://www.google.com.br/maps/place/Miranda+Advocacia/data=!4m7!3m6!1s0x975d000b53150f:0xacd436af453c53ec!8m2!3d-22.8928936!4d-42.4679695!16s%2Fg%2F11vr1gd696!19sChIJDxVTCwBdlwAR7FM8Ra821Kw?authuser=0&hl=pt-BR&rclk=1","Miranda Advocacia","","","Escritório de advocacia","·","R. Prof. Francisco Fonseca, 86 - Sala 03","","","","","","","Rotas","","","","","Nenhuma avaliação"
"https://www.google.com.br/maps/place/Dra.+Thiara+Aguiar+-+Advogada/data=!4m7!3m6!1s0x975ff92d33daaf:0x7c70c063835dce64!8m2!3d-22.9168451!4d-42.4770737!16s%2Fg%2F11ry_t7gn7!19sChIJr9ozLflflwARZM5dg2PAcHw?authuser=0&hl=pt-BR&rclk=1","Dra. Thiara Aguiar - Advogada","","","Advogado","·","·","Aberto","⋅ Fecha às 18:00","Escritório Silvia - Avenida Saquarema, R. Berenicio Lucidio de Souza, 2811 - Loja 01","(22) 99937-7360","","","Rotas","","","","","Nenhuma avaliação"
"https://www.google.com.br/maps/place/VP+Adocacia/data=!4m7!3m6!1s0x975dcce3159701:0xa2f15fde1aec6f9a!8m2!3d-22.9018426!4d-42.4609132!16s%2Fg%2F11rj6c0k__!19sChIJAZcV48xdlwARmm_sGt5f8aI?authuser=0&hl=pt-BR&rclk=1","VP Adocacia","","","Advogado","·","R. Aureo Vignoly De Carvalho, 672","Aberto agora","","·","(21) 98129-4893","","","Rotas","","","","","Nenhuma avaliação"
"https://www.google.com.br/maps/place/ADVOGADO+ESPECIALISTA+EM+INSS-+Dra.Rebeca+Paschoal/data=!4m7!3m6!1s0xaa77f01257dde211:0xa1b6f42dc3d54b3a!8m2!3d-14.4095262!4d-51.31668!16s%2Fg%2F11y3xt_jsn!19sChIJEeLdVxLwd6oROkvVwy30tqE?authuser=0&hl=pt-BR&rclk=1","ADVOGADO ESPECIALISTA EM INSS- Dra.Rebeca Paschoal","5,0","(19)","Advogado previdenciário","","·","Aberto","⋅ Fecha às 17:00","","(22) 99752-9032","","","Rotas","","","Agendamento on-line","",""
"https://www.google.com.br/maps/place/Escrit%C3%B3rio+de+Advocacia+Dr+Rafael+Barbosa+Nogueira/data=!4m7!3m6!1s0x9769da2ebe128d:0x43501a65e7bbf233!8m2!3d-22.8754516!4d-42.3402147!16s%2Fg%2F11h26dxtjd!19sChIJjRK-LtpplwARM_K752UaUEM?authuser=0&hl=pt-BR&rclk=1","Escritório de Advocacia Dr Rafael Barbosa Nogueira","5,0","(19)","Advogado de práticas gerais","·","Av. Nilo Peçanha, 259 - sala 111","Aberto 24 horas","","·","(22) 99974-2234","","","Rotas","","","Serviços no local","",""
"https://www.google.com.br/maps/place/Escritorio+de+advocacia+Dr.+Alexandre+Vasconcelos+Varaj%C3%A3o/data=!4m7!3m6!1s0x975f827cb63035:0x6ca8ee25e0b0a4e0!8m2!3d-22.8989915!4d-42.4739885!16s%2Fg%2F11fm6q4x0g!19sChIJNTC2fIJflwAR4KSw4CXuqGw?authuser=0&hl=pt-BR&rclk=1","Escritorio de advocacia Dr. Alexandre Vasconcelos Varajão","","","Escritório de advocacia","·","Av. Saquarema, nº 4700","Fechado","⋅ Abre qui. às 09:00","·","(22) 99885-5015","","","Rotas","","","","","Nenhuma avaliação"
"https://www.google.com.br/maps/place/Rodrigo+Cardoso+Advogado+Criminalista/data=!4m7!3m6!1s0x97696daa7f1def:0xda82c358e7331352!8m2!3d-22.8754563!4d-42.3403522!16s%2Fg%2F11m5rl4x2m!19sChIJ7x1_qm1plwARUhMz51jDgto?authuser=0&hl=pt-BR&rclk=1","Rodrigo Cardoso Advogado Criminalista","4,9","(17)","Advogado","·","Av. Nilo Peçanha, 259 - 4andar sl 412","Aberto 24 horas","","·","(22) 99978-8512","","","Rotas","","","""Excelente advogado, sempre lutando pelos direitos dos clientes.""","https://ssl.gstatic.com/local/servicebusiness/default_user.png",""
"https://www.google.com.br/maps/place/Paulo+de+Almeida+Santos/data=!4m7!3m6!1s0x975d174fc5b2d1:0xcb53e564216cba0d!8m2!3d-22.8952675!4d-42.4708217!16s%2Fg%2F11fb0q1mn0!19sChIJ0bLFTxddlwARDbpsIWTlU8s?authuser=0&hl=pt-BR&rclk=1","Paulo de Almeida Santos","","","Advogado","·","RJ-128, 71","Aberto agora","","·","(22) 99822-8719","","","Rotas","","","","","Nenhuma avaliação"
"https://www.google.com.br/maps/place/Vin%C3%ADcius+Alves+-+Advogado+-+Escrit%C3%B3rio+de+Advocacia+e+Consultoria+Jur%C3%ADdica+em+Araruama/data=!4m7!3m6!1s0x9769b37a5c9cef:0x4aa80296128eb49b!8m2!3d-22.8715212!4d-42.3370912!16s%2Fg%2F11wft2j7qd!19sChIJ75xcerNplwARm7SOEpYCqEo?authuser=0&hl=pt-BR&rclk=1","Vinícius Alves - Advogado - Escritório de Advocacia e Consultoria Jurídica em Araruama","5,0","(11)","Advogado","·","R. Pref. João Vasconcelos, 155 - loja A","Aberto","⋅ Fecha às 17:00","·","(22) 99727-7563","https://advogadoviniciusalves.my.canva.site/","","Website","","Rotas","Serviços no local","",""
"https://www.google.com.br/maps/place/Carla+Otaviano+Advogada+Consumerista/data=!4m7!3m6!1s0x97692d5ac2da5b:0xfff31a88844556f6!8m2!3d-22.872495!4d-42.335468!16s%2Fg%2F11r_qy5r0r!19sChIJW9rCWi1plwAR9lZFhIga8_8?authuser=0&hl=pt-BR&rclk=1","Carla Otaviano Advogada Consumerista","5,0","(31)","Advogado(a) civil","·","Edifício Delfim Carvalho - Av. Brasil, 10, Centro","Aberto","⋅ Fecha às 17:00","·","(22) 98818-2933","https://sites.google.com/view/carla-otaviano-advogada/p%C3%A1gina-inicial","","Website","","Rotas","Agendamento on-line","",""
"https://www.google.com.br/maps/place/Dr+Fernando+Carneiro+-+Advogado+em+Saquarema/data=!4m7!3m6!1s0x24a2e0934b1a660b:0x6a40f5aed210061f!8m2!3d-14.4095262!4d-51.31668!16s%2Fg%2F11y9lbk2tv!19sChIJC2YaS5PgoiQRHwYQ0q71QGo?authuser=0&hl=pt-BR&rclk=1","Dr Fernando Carneiro - Advogado em Saquarema","","","Advogado","","·","Fecha em breve","⋅ 17:00 ⋅ Abre qui. às 09:00","","(22) 99215-4514","","","Rotas","","","","","Nenhuma avaliação"
"https://www.google.com.br/maps/place/Consultoria+Previdenciaria+Pedro+Carvalho./data=!4m7!3m6!1s0x975dffacccde83:0xf75c48ff00375f9a!8m2!3d-22.894456!4d-42.470414!16s%2Fg%2F11fy4swbj7!19sChIJg97MrP9dlwARml83AP9IXPc?authuser=0&hl=pt-BR&rclk=1","Consultoria Previdenciaria Pedro Carvalho.","4,0","(1)","Despachante","·","Av. Saquarema, 5393 - Loja 21","Aberto","⋅ Fecha às 17:00","·","(22) 2653-2544","","","Rotas","","","","",""
"https://www.google.com.br/maps/place/Renata+Flores+-+Advogada+Trabalhista+e+consultoria+jur%C3%ADdica/data=!4m7!3m6!1s0x9769ceb536ac89:0xb10f8ba7cc1026bd!8m2!3d-22.8754563!4d-42.3403522!16s%2Fg%2F11m6xhn290!19sChIJiaw2tc5plwARvSYQzKeLD7E?authuser=0&hl=pt-BR&rclk=1","Renata Flores - Advogada Trabalhista e consultoria jurídica","5,0","(8)","Advogado","·","Av. Nilo Peçanha, 259 - sala 412","Aberto","⋅ Fecha às 17:00","·","(22) 92017-7690","","","Rotas","","","""Excelente profissional, muito atenciosa e competente.""","https://ssl.gstatic.com/local/servicebusiness/default_user.png",""
"https://www.google.com.br/maps/place/Seixas+Advogados/data=!4m7!3m6!1s0x975e8c7b5ef4a9:0x836480834af7e57a!8m2!3d-22.9294691!4d-42.4891418!16s%2Fg%2F11bzzx6jlm!19sChIJqfRee4xelwAReuX3SoOAZIM?authuser=0&hl=pt-BR&rclk=1","Seixas Advogados","5,0","(1)","Escritório de advocacia","·","Av. Saquarema, 567 - Loja 56","Aberto","⋅ Fecha às 17:00","·","(22) 2651-0354","https://mayckbraga94.wixsite.com/seixasadvogados","","Website","","Rotas","","",""
"https://www.google.com.br/maps/place/Samuel+Beck+Advogado/data=!4m7!3m6!1s0x99871c50175c73:0x3b8a129b211d40b2!8m2!3d-22.8690314!4d-42.341108!16s%2Fg%2F11q3sdrsg1!19sChIJc1wXUByHmQARskAdIZsSijs?authuser=0&hl=pt-BR&rclk=1","Samuel Beck Advogado","5,0","(3)","Advogado","·","R. Casemiro de Abreu, 128","Aberto","⋅ Fecha às 18:00","","","","","Rotas","","","Agendamento on-line","",""
"https://www.google.com.br/maps/place/Ademario+Gon%C3%A7alves+Advogados+Associados/data=!4m7!3m6!1s0x976922ce727b57:0xd2dc2a42a4f92e19!8m2!3d-22.8765104!4d-42.339833!16s%2Fg%2F11c5rsqfbs!19sChIJV3tyziJplwARGS75pEIq3NI?authuser=0&hl=pt-BR&rclk=1","Ademario Gonçalves Advogados Associados","5,0","(2)","Advogado","·","Av. John Kennedy, 82 - Loja 04","Aberto","⋅ Fecha às 18:00","·","(22) 98821-8666","http://www.xn--ademarioconalves-mpb.adv.br/","","Website","","Rotas","""Profissional excelente , adorei o atendimento e resolveu minha situação""","https://ssl.gstatic.com/local/servicebusiness/default_user.png",""
"https://www.google.com.br/maps/place/Lidia+Zaniboni+%26+Advogados+Associados/data=!4m7!3m6!1s0x976970d5010053:0x9d22bee2d0c9a073!8m2!3d-22.8765239!4d-42.3397759!16s%2Fg%2F11y7c49132!19sChIJUwAB1XBplwARc6DJ0OK-Ip0?authuser=0&hl=pt-BR&rclk=1","Lidia Zaniboni & Advogados Associados","5,0","(2)","Advogado","·","sobreloja) Trade Center - Av. John Kennedy, 8 - sala 19","Aberto","⋅ Fecha às 17:00","·","(22) 99744-9858","","","Rotas","","","""Pode confiar pois a pouco tempo tive um excelente resultado em uma causa.""","https://ssl.gstatic.com/local/servicebusiness/default_user.png",""
"https://www.google.com.br/maps/place/veneno+%26+coutinho+advogados+associados/data=!4m7!3m6!1s0x97693ef0ecb6bb:0x15527863c3a3904d!8m2!3d-22.8723792!4d-42.3382611!16s%2Fg%2F1td1r2qr!19sChIJu7bs8D5plwARTZCjw2N4UhU?authuser=0&hl=pt-BR&rclk=1","veneno & coutinho advogados associados","4,3","(12)","Advogado(a) civil","·","·","Aberto","⋅ Fecha às 18:00","R. Conselheiro Macedo Soares, 335/208","(22) 98841-5264","http://www.venenoecoutinho.com.br/","","Website","","Rotas","""Telefone para contato atualizado para: 22988415264""","https://ssl.gstatic.com/local/servicebusiness/default_user.png",""
"https://www.google.com.br/maps/place/Davi+Balbino+Advocacia+e+Consultoria+Jur%C3%ADdica/data=!4m7!3m6!1s0x975f6fa519e737:0xd80f03ac3ab29000!8m2!3d-22.9344889!4d-42.495907!16s%2Fg%2F11pyc5h7jw!19sChIJN-cZpW9flwARAJCyOqwDD9g?authuser=0&hl=pt-BR&rclk=1","Davi Balbino Advocacia e Consultoria Jurídica","5,0","(10)","Advogado","·","R. Ten. Genésio","Aberto 24 horas","","·","(22) 99272-5006","http://instagram.com/davibalbino","","Website","","Rotas","Agendamento on-line","",""
"https://www.google.com.br/maps/place/Graciano+Torres+Quintanilha/data=!4m7!3m6!1s0x97693dd12d89a9:0x563210824680c5c9!8m2!3d-22.8697253!4d-42.3438775!16s%2Fg%2F1tx487vx!19sChIJqYkt0T1plwARycWARoIQMlY?authuser=0&hl=pt-BR&rclk=1","Graciano Torres Quintanilha","5,0","(1)","Advogado","·","·","Aberto","⋅ Fecha às 17:30","Av. Nilo Peçanha, 971","(22) 2665-2487","","","Rotas","","","","",""
"https://www.google.com.br/maps/place/Franciane+Bastos+de+Carvalho/data=!4m7!3m6!1s0x9769958f010e83:0x10520c8af665776d!8m2!3d-22.872495!4d-42.335468!16s%2Fg%2F11jj72td8r!19sChIJgw4Bj5VplwARbXdl9ooMUhA?authuser=0&hl=pt-BR&rclk=1","Franciane Bastos de Carvalho","5,0","(1)","Advogado","·","Edifício Delfim Carvalho - Av. Brasil, 10 - sala 515","Aberto","⋅ Fecha às 18:00","·","(22) 99956-3438","","","Rotas","","","","",""
"https://www.google.com.br/maps/place/Bruna+Duarte+Advogada/data=!4m7!3m6!1s0xaae5de25c264f859:0xf94db2f684086749!8m2!3d-22.8701536!4d-42.3430052!16s%2Fg%2F11ltw_pl_8!19sChIJWfhkwiXe5aoRSWcIhPayTfk?authuser=0&hl=pt-BR&rclk=1","Bruna Duarte Advogada","5,0","(4)","Advogado","·","Av. Nilo Peçanha","Aberto","⋅ Fecha às 17:00","·","(22) 99978-4098","","","Rotas","","","""Excelente pessoa e profissional maravilhosa,podem contratar super indico""","https://ssl.gstatic.com/local/servicebusiness/default_user.png",""
"https://www.google.com.br/maps/place/Mayara+Bicalho+Advocacia/data=!4m7!3m6!1s0x975f059a9e1e05:0x96dd21ce7c36c29f!8m2!3d-22.9313682!4d-42.4994721!16s%2Fg%2F11j1hfvchg!19sChIJBR6emgVflwARn8I2fM4h3ZY?authuser=0&hl=pt-BR&rclk=1","Mayara Bicalho Advocacia","5,0","(1)","Advogado","·","R. Roberto Silveira, 1 - Campo Aviação","Aberto","⋅ Fecha às 18:00","·","(22) 99874-7287","","","Rotas","","","Agendamento on-line","",""
"https://www.google.com.br/maps/place/Martins+Advocacia+%26+Consultoria+Jur%C3%ADdica/data=!4m7!3m6!1s0x97675277eeed07:0xd3f03e70a67844ca!8m2!3d-22.7607817!4d-42.331112!16s%2Fg%2F11fvwwdw25!19sChIJB-3ud1JnlwARykR4pnA-8NM?authuser=0&hl=pt-BR&rclk=1","Martins Advocacia & Consultoria Jurídica","","","Advogado contencioso","","·","Aberto","⋅ Fecha às 17:00","","(22) 99805-0980","https://martins-advocacia-e-consultoria-juridica-1.ueniweb.com/?utm_campaign=gmb","","Website","","Rotas","","","Nenhuma avaliação"
"https://www.google.com.br/maps/place/ANA+PETTI+ADVOCACIA/data=!4m7!3m6!1s0x97698a20eb951d:0xd764f132db82cb60!8m2!3d-22.8900293!4d-42.3639593!16s%2Fg%2F11khsfslx0!19sChIJHZXrIIpplwARYMuC2zLxZNc?authuser=0&hl=pt-BR&rclk=1","ANA PETTI ADVOCACIA","","","Advogado","·","R. Bahia, 300","Aberto agora","","·","(22) 99966-5094","https://instagram.com/anapettiadv?igshid=YmMyMTA2M2Y=","","Website","","Rotas","Serviços no local","","Nenhuma avaliação"
"https://www.google.com.br/maps/place/Fl%C3%A1vio+Garcia+Sociedade+de+Advocacia/data=!4m7!3m6!1s0x975d1f92df2edf:0x257d651166570e96!8m2!3d-22.8954956!4d-42.4710385!16s%2Fg%2F11sbft4zs9!19sChIJ3y7fkh9dlwARlg5XZhFlfSU?authuser=0&hl=pt-BR&rclk=1","Flávio Garcia Sociedade de Advocacia","","","Empresa de advocacia","·","R. Beatriz Amaral Pereira, 26 - sala 06","Aberto","⋅ Fecha às 18:00","·","(22) 97401-9668","","","Rotas","","","","","Nenhuma avaliação"
"https://www.google.com.br/maps/place/Nat%C3%A1lia+Moutella+Advocacia/data=!4m7!3m6!1s0x976909ba145ba3:0xe16ba4356f2ede90!8m2!3d-22.8761554!4d-42.3395768!16s%2Fg%2F11rycrkr4z!19sChIJo1sUuglplwARkN4ubzWka-E?authuser=0&hl=pt-BR&rclk=1","Natália Moutella Advocacia","5,0","(1)","Advogado","·","Av. Nilo Peçanha, 167 - sala 211","Aberto","⋅ Fecha às 18:00","·","(22) 99807-0788","https://nataliamoutella.com.br/links/","","Website","","Rotas","","",""
"https://www.google.com.br/maps/place/Dr.+PAULO+HENRIQUE+JARDIM/data=!4m7!3m6!1s0x97692fd166b09b:0xbf1ec35247c83853!8m2!3d-22.8669754!4d-42.3373661!16s%2Fg%2F11m67xg3xt!19sChIJm7Bm0S9plwARUzjIR1LDHr8?authuser=0&hl=pt-BR&rclk=1","Dr. PAULO HENRIQUE JARDIM","5,0","(3)","Advogado criminal","·","R. Bernardo Vasconcelos, 755","Aberto 24 horas","","·","(22) 99604-4023","","","Rotas","","","""Lutando com todo alcance legal na defesa do direito de seus clientes.""","https://ssl.gstatic.com/local/servicebusiness/default_user.png",""
"https://www.google.com.br/maps/place/Escritorio+Loren%C3%A7%C3%A3o+e+Sim%C3%B5es/data=!4m7!3m6!1s0x975ffc57c010b7:0x3fb09befe1a439b8!8m2!3d-22.9331414!4d-42.4961062!16s%2Fg%2F11t7pjvq30!19sChIJtxDAV_xflwARuDmk4e-bsD8?authuser=0&hl=pt-BR&rclk=1","Escritorio Lorenção e Simões","5,0","(1)","Escritório de advocacia","·","R. Prof. Ricardo Barbosa, 363 - Loja 03","Aberto","⋅ Fecha às 17:00","·","(22) 99244-1724","","","Rotas","","","","",""
"https://www.google.com.br/maps/place/GM%26M+Advogados+-+Saquarema%2FRJ/data=!4m7!3m6!1s0x9767568eb10421:0x314a6c43e0eda9bd!8m2!3d-22.9131132!4d-42.4818457!16s%2Fg%2F11h048prp!19sChIJIQSxjlZnlwARvant4ENsSjE?authuser=0&hl=pt-BR&rclk=1","GM&M Advogados - Saquarema/RJ","","","Advogado","","","","","","(22) 2031-0088","","","Rotas","","","","","Nenhuma avaliação"
"https://www.google.com.br/maps/place/Vasconcelos+%26+Vasconcelos+-+Advocacia+e+Assessoria+Jur%C3%ADdica/data=!4m7!3m6!1s0x976956b8830183:0xd0f84c679710911a!8m2!3d-22.8727316!4d-42.3381893!16s%2Fg%2F11vws45gcn!19sChIJgwGDuFZplwARGpEQl2dM-NA?authuser=0&hl=pt-BR&rclk=1","Vasconcelos & Vasconcelos - Advocacia e Assessoria Jurídica","5,0","(3)","Advogado","·","R. Conselheiro Macedo Soares, 354 - sala 204","Aberto","⋅ Fecha às 19:00","·","(22) 99223-7777","","","Rotas","","","""Excelente profissional""","https://ssl.gstatic.com/local/servicebusiness/default_user.png",""
"https://www.google.com.br/maps/place/Sandra+Lessa+%26+Rodrigo+Lessa+Advogados+e+Assessoria+Jur%C3%ADdica/data=!4m7!3m6!1s0x975f0f547a5591:0xa33aab35b20f497d!8m2!3d-22.9332083!4d-42.4954592!16s%2Fg%2F11wbmvrzg2!19sChIJkVV6VA9flwARfUkPsjWrOqM?authuser=0&hl=pt-BR&rclk=1","Sandra Lessa & Rodrigo Lessa Advogados e Assessoria Jurídica","5,0","(7)","Advogado","·","R. Cel. João Bravo, 28 - loja B","Aberto","⋅ Fecha às 17:00","·","(22) 99835-7664","http://sandrarodrigolessa.adv.br/","","Website","","Rotas","Serviços no local","",""
"https://www.google.com.br/maps/place/Advogado+Criminalista+-+Gabriel+Gouv%C3%AAa/data=!4m7!3m6!1s0x9769f886f19e3f:0x1bd0cdd1fabb972!8m2!3d-22.8754563!4d-42.3403522!16s%2Fg%2F11w32dfdy9!19sChIJP57xhvhplwARcrmrH90MvQE?authuser=0&hl=pt-BR&rclk=1","Advogado Criminalista - Gabriel Gouvêa","5,0","(1)","Advogado criminal","·","Av. Nilo Peçanha, 259 - sala 412","Aberto 24 horas","","·","(22) 97403-8434","","","Rotas","","","""O melhor Criminalista do estado .""","https://ssl.gstatic.com/local/servicebusiness/default_user.png",""
"https://www.google.com.br/maps/place/Terra+Advogados+e+Consultoria+Jur%C3%ADdica/data=!4m7!3m6!1s0x9767c0e14aa0c1:0xbd3cc0eb58971a6e!8m2!3d-22.9329733!4d-42.5000989!16s%2Fg%2F11h7d4rcyf!19sChIJwaBK4cBnlwARbhqXWOvAPL0?authuser=0&hl=pt-BR&rclk=1","Terra Advogados e Consultoria Jurídica","","","Advogado criminal","·","·","Aberto","⋅ Fecha às 20:00","OAB/RJ - R. Roberto Silveira, 1","(22) 99233-2604","https://terra-advocacia-e-consultoria-juridica.webnode.com/","","Website","","Rotas","","","Nenhuma avaliação"
"https://www.google.com.br/maps/place/Martins+%26+Xavier+Advogados+Associados+Filial+Araruama/data=!4m7!3m6!1s0x97691a04d7687d:0xb2512c2804c68a33!8m2!3d-22.8727332!4d-42.3390322!16s%2Fg%2F11vhdb066m!19sChIJfWjXBBpplwARM4rGBCgsUbI?authuser=0&hl=pt-BR&rclk=1","Martins & Xavier Advogados Associados Filial Araruama","","","Advogado","·","R. Mãrio Vasconcelos, 346 - sala 106","Aberto","⋅ Fecha às 17:00","·","(21) 96778-2317","https://www.instagram.com/martinsxavieradv/","","Website","","Rotas","","","Nenhuma avaliação"
"https://www.google.com.br/maps/place/Escrit%C3%B3rio+de+Advocacia+Dr+Ant%C3%B4nio+Jos%C3%A9+de+Jesus+Nascimento/data=!4m7!3m6!1s0x97694a15e8f7fb:0x6427a7fcbddc1ac8!8m2!3d-22.876376!4d-42.3380492!16s%2Fg%2F11b6hrzb8k!19sChIJ-_foFUpplwARyBrcvfynJ2Q?authuser=0&hl=pt-BR&rclk=1","Escritório de Advocacia Dr Antônio José de Jesus Nascimento","5,0","(1)","Advogado","·","R. Maj. Felix Moreira, 73 - Sala 201","Aberto","⋅ Fecha às 18:00","·","(22) 2665-3457","","","Rotas","","","","",""
"https://www.google.com.br/maps/place/Dra.+Monica+Cardoso+Domingues/data=!4m7!3m6!1s0x976fca721a6f0b:0xf3dc0369c2547704!8m2!3d-22.8269935!4d-42.3454354!16s%2Fg%2F11ph902xy5!19sChIJC28acspvlwARBHdUwmkD3PM?authuser=0&hl=pt-BR&rclk=1","Dra. Monica Cardoso Domingues","5,0","(2)","Advogado","·","Estrada Benjamin Domingues Jardim, 108","","","","","","","Rotas","","","Serviços no local","",""
"https://www.google.com.br/maps/place/Pinheiro+dos+Santos+Advocacia/data=!4m7!3m6!1s0x9769102e2ac941:0xd3bd4e0edb39826!8m2!3d-22.8776557!4d-42.3404015!16s%2Fg%2F11rc2n6h89!19sChIJQckqLhBplwARJpiz7eDUOw0?authuser=0&hl=pt-BR&rclk=1","Pinheiro dos Santos Advocacia","5,0","(1)","Advogado","·","Av. John Kennedy, 150 - sala 209","Aberto","⋅ Fecha às 17:30","·","(22) 99880-6486","https://www.instagram.com/invites/contact/?i=dqkt72wl07vk&utm_content=iq3ubn5","","Website","","Rotas","""Excelente atendimento""","https://ssl.gstatic.com/local/servicebusiness/default_user.png",""
"https://www.google.com.br/maps/place/Canto+%26+Cugliana+Advogados/data=!4m7!3m6!1s0x97693e477a1a87:0xd91ab0a5b0b0daaa!8m2!3d-22.8760909!4d-42.3396583!16s%2Fg%2F1q5gp5ch2!19sChIJhxp6Rz5plwARqtqwsKWwGtk?authuser=0&hl=pt-BR&rclk=1","Canto & Cugliana Advogados","","","Advogado","·","Av. Nilo Peçanha, 167 - sala 311","Aberto","⋅ Fecha às 18:00","·","(22) 2664-1091","","","Rotas","","","","","Nenhuma avaliação"
"https://www.google.com.br/maps/place/Emilly+Dossa+Advocacia/data=!4m7!3m6!1s0x8e125481d618f2b1:0x71829a4757cdaf2b!8m2!3d-14.4095262!4d-51.31668!16s%2Fg%2F11x7wnl9sm!19sChIJsfIY1oFUEo4RK6_NV0eagnE?authuser=0&hl=pt-BR&rclk=1","Emilly Dossa Advocacia","","","Advogado tributarista","","·","Aberto 24 horas","","","(68) 99944-2445","https://emillydossaadvocacia.com.br/isencaodeimpostoderenda","","Website","","Rotas","","","Nenhuma avaliação"
"https://www.google.com.br/maps/place/SENNA+GOMES+ADVOCACIA/data=!4m7!3m6!1s0x975e8c655e4cbf:0x44e67d25bad15c65!8m2!3d-22.9299109!4d-42.4890366!16s%2Fg%2F11j8hv8m2m!19sChIJv0xeZYxelwARZVzRuiV95kQ?authuser=0&hl=pt-BR&rclk=1","SENNA GOMES ADVOCACIA","","","Empresa de advocacia","·","Av. Saquarema, 3253 - Salas 11 e 102","Aberto","⋅ Fecha às 18:00","·","(22) 99293-4004","http://sennagomesadvocacia.com.br/","","Website","","Rotas","","","Nenhuma avaliação"
"https://www.google.com.br/maps/place/Karina+Afonso+Consultoria+Jur%C3%ADdica/data=!4m7!3m6!1s0x97696478e5aca1:0x73574a81cee3e038!8m2!3d-22.874051!4d-42.3383716!16s%2Fg%2F11hpc8pygc!19sChIJoazleGRplwAROODjzoFKV3M?authuser=0&hl=pt-BR&rclk=1","Karina Afonso Consultoria Jurídica","5,0","(1)","Advogado","·","·","Aberto","⋅ Fecha às 18:00","Av. Getúlio Vargas, 221 - sala 514","(21) 97575-8235","","","Rotas","","","","",""
"https://www.google.com.br/maps/place/ARARUAMA+DESPACHANTE/data=!4m7!3m6!1s0x9769a4d4389e65:0x86b0fdfe20c56039!8m2!3d-22.8776396!4d-42.3404099!16s%2Fg%2F11l3_nlwtk!19sChIJZZ441KRplwAROWDFIP79sIY?authuser=0&hl=pt-BR&rclk=1","ARARUAMA DESPACHANTE","4,6","(279)","Advogado","·","·","Aberto","⋅ Fecha às 17:30","Av. John Kennedy, n° 150 - loja 142","(22) 98803-6818","https://sites.google.com/view/despachantemarcus?usp=sharing","","Website","","Rotas","Serviços no local","",""
"https://www.google.com.br/maps/place/ADVOGADO-+Dr.+Rafael+Nascimento/data=!4m7!3m6!1s0x9769dcb154ae87:0x249cb9b5a7f79a1f!8m2!3d-22.9224477!4d-42.3274141!16s%2Fg%2F11rzcwc8w3!19sChIJh65UsdxplwARH5r3p7W5nCQ?authuser=0&hl=pt-BR&rclk=1","ADVOGADO- Dr. Rafael Nascimento","5,0","(1)","Advogado","·","·","Aberto 24 horas","","Estr. de Praia Seca, km 10","(22) 99848-2794","","","Rotas","","","Serviços no local","",""
"https://www.google.com.br/maps/place/Juliana+Ribeiro+Advogada/data=!4m7!3m6!1s0x975f29dbe50b01:0xd4513880bd2dcd77!8m2!3d-22.9294691!4d-42.4891418!16s%2Fg%2F11l2lzrlkv!19sChIJAQvl2ylflwARd80tvYA4UdQ?authuser=0&hl=pt-BR&rclk=1","Juliana Ribeiro Advogada","","","Assistência jurídica","·","Av. Saquarema, 567","Aberto","⋅ Fecha às 18:00","·","(22) 99922-6716","","","Rotas","","","","","Nenhuma avaliação"
"https://www.google.com.br/maps/place/Dra.+Ana+Paula+M.+Moraes/data=!4m7!3m6!1s0x975f1d83ab168f:0xde12835ee1620e46!8m2!3d-22.9316561!4d-42.4991153!16s%2Fg%2F11pz7x_ssl!19sChIJjxargx1flwARRg5i4V6DEt4?authuser=0&hl=pt-BR&rclk=1","Dra. Ana Paula M. Moraes","3,0","(3)","Advogado(a) civil","·","R. Cel. Madureira, 40 - lj 10","Aberto","⋅ Fecha às 17:00","·","(22) 97403-7727","","","Rotas","","","","",""
"https://www.google.com.br/maps/place/Lu%C3%ADs+Fl%C3%A1vio+Medeiros+%7C+Advogado/data=!4m7!3m6!1s0x976947e5762ee5:0x39202a89c867fb65!8m2!3d-22.8764229!4d-42.3381967!16s%2Fg%2F1td59v3_!19sChIJ5S525UdplwARZftnyIkqIDk?authuser=0&hl=pt-BR&rclk=1","Luís Flávio Medeiros | Advogado","4,0","(1)","Advogado","·","R. Maj. Felix Moreira, 39","Aberto agora","","·","(22) 99717-0097","","","Rotas","","","","",""
"https://www.google.com.br/maps/place/Alexandre+Maia+Advocacia/data=!4m7!3m6!1s0x975f333e1e8f07:0x5730e4eabf64f014!8m2!3d-22.9318016!4d-42.5210739!16s%2Fg%2F11sf8yzrbs!19sChIJB48ePjNflwARFPBkv-rkMFc?authuser=0&hl=pt-BR&rclk=1","Alexandre Maia Advocacia","5,0","(1)","Advogado","·","Av. Nossa Senhora de Nazareth","Aberto","⋅ Fecha às 17:00","·","(22) 99762-1661","https://amaia995.wixsite.com/alexandremaiaadvoc-1","","Website","","Rotas","","",""
"https://www.google.com.br/maps/place/Escritorio+de+Advocacia+Dra+Ana+Paula+Menezes/data=!4m7!3m6!1s0x975f0040f3026d:0x96832b9637c5bcec!8m2!3d-22.932251!4d-42.4963626!16s%2Fg%2F11w3l4kzvv!19sChIJbQLzQABflwAR7LzFN5Yrg5Y?authuser=0&hl=pt-BR&rclk=1","Escritorio de Advocacia Dra Ana Paula Menezes","","","Advogado","·","R. Cel. Madureira","Aberto","⋅ Fecha às 17:00","·","(22) 2652-1749","","","Rotas","","","","","Nenhuma avaliação"
"https://www.google.com.br/maps/place/Patrick+de+Moraes+Sociedade+de+Advocacia/data=!4m7!3m6!1s0x9769de02ebdebd:0x19cc43bd7db0b0b0!8m2!3d-22.8754563!4d-42.3403522!16s%2Fg%2F11k58gcwr1!19sChIJvd7rAt5plwARsLCwfb1DzBk?authuser=0&hl=pt-BR&rclk=1","Patrick de Moraes Sociedade de Advocacia","","","Advogado","·","Av. Nilo Peçanha, 259 - SALA 307","Aberto","⋅ Fecha às 18:00","·","(22) 99900-6077","","","Rotas","","","","","Nenhuma avaliação"
"https://www.google.com.br/maps/place/MS+Advocacia/data=!4m7!3m6!1s0x97693eeb0ecd2d:0xc8c022f0f63e5b26!8m2!3d-22.8740882!4d-42.3383126!16s%2Fg%2F11f32b8ly7!19sChIJLc0O6z5plwARJls-9vAiwMg?authuser=0&hl=pt-BR&rclk=1","MS Advocacia","5,0","(1)","Advogado","·","·","Aberto agora","","Av. Getúlio Vargas, 221 - sala 606","(22) 99834-8536","","","Rotas","","","","",""
"https://www.google.com.br/maps/place/OAB+Saquarem/data=!4m7!3m6!1s0x976755a776c4b9:0x905be2e5b33803f3!8m2!3d-22.9312793!4d-42.499373!16s%2Fg%2F1thsslp8!19sChIJucR2p1VnlwAR8wM4s-XiW5A?authuser=0&hl=pt-BR&rclk=1","OAB Saquarem","4,5","(59)","Ordem dos advogados","·","·","Aberto","⋅ Fecha às 18:00","R. Cel. Madureira, 1","(22) 2651-2823","","","Rotas","","","""Os advogados de lá são excelente muito bons atendimento ótimo""","https://ssl.gstatic.com/local/servicebusiness/default_user.png",""
"https://www.google.com.br/maps/place/Roberta+Ramos+Advocacia/data=!4m7!3m6!1s0x97698a823e1523:0xff13bb687dcc5c62!8m2!3d-22.874051!4d-42.3383716!16s%2Fg%2F11rfb4mx7h!19sChIJIxU-gopplwARYlzMfWi7E_8?authuser=0&hl=pt-BR&rclk=1","Roberta Ramos Advocacia","","","Advogado","·","Av. Getúlio Vargas, 221 - Sala 311","Aberto","⋅ Fecha às 17:00","·","(22) 99795-8592","https://www.instagram.com/robertaramosadv/","","Website","","Rotas","","","Nenhuma avaliação"
"https://www.google.com.br/maps/place/Mariana+Cordeiro+Advocacia+e+Consultoria+Jur%C3%ADdica/data=!4m7!3m6!1s0x97699a503f6985:0xf534371443bdafb4!8m2!3d-22.872495!4d-42.335468!16s%2Fg%2F11rkcfqb1m!19sChIJhWk_UJpplwARtK-9QxQ3NPU?authuser=0&hl=pt-BR&rclk=1","Mariana Cordeiro Advocacia e Consultoria Jurídica","","","Advogado","·","Av. Brasil, 10 - sala 706","Aberto","⋅ Fecha às 18:00","·","(22) 99877-5313","https://www.marianacordeiro.adv.br/","","Website","","Rotas","","","Nenhuma avaliação"
"https://www.google.com.br/maps/place/Francimara+S.+Silva+Advogada/data=!4m7!3m6!1s0x8aa16d6230bd0e5b:0xc65a4d04ee8a1012!8m2!3d-14.4095262!4d-51.31668!16s%2Fg%2F11sv5ck93t!19sChIJWw69MGJtoYoREhCK7gRNWsY?authuser=0&hl=pt-BR&rclk=1","Francimara S. Silva Advogada","5,0","(17)","Advogado","","·","Aberto","⋅ Fecha às 18:00","","(22) 99840-3095","https://linktr.ee/FrancimaraAdv","","Website","","Rotas","Agendamento on-line","",""
"https://www.google.com.br/maps/place/Carla+do+Nascimento+Silva/data=!4m7!3m6!1s0x97693b06f12891:0x55c1047618fe3d2e!8m2!3d-22.869348!4d-42.342521!16s%2Fg%2F11j6fqj19n!19sChIJkSjxBjtplwARLj3-GHYEwVU?authuser=0&hl=pt-BR&rclk=1","Carla do Nascimento Silva","","","Advogado","·","Cel, R. Francisco Eulálio da Silva, 85 - 3° andar","Aberto agora","","·","(21) 99183-2489","","","Rotas","","","","","Nenhuma avaliação"
"https://www.google.com.br/maps/place/Izabela+Santos+-+LAW+FIRM+ADVOCACIA/data=!4m7!3m6!1s0x9769680e95d501:0xe72653378f47303e!8m2!3d13.0145525!4d-24.620781!16s%2Fg%2F11lh5kml9b!19sChIJAdWVDmhplwARPjBHjzdTJuc?authuser=0&hl=pt-BR&rclk=1","Izabela Santos - LAW FIRM ADVOCACIA","5,0","(9)","Advogado tributarista","","·","Aberto","⋅ Fecha às 20:00","","(21) 96942-8638","","","Rotas","","","Agendamento on-line","",""
"https://www.google.com.br/maps/place/Alan+Verlangieri+-+Advocacia/data=!4m7!3m6!1s0x8712ba15752c2ec7:0xebe80063dd5fdb3e!8m2!3d-14.4095262!4d-51.31668!16s%2Fg%2F11vlxg0lj0!19sChIJxy4sdRW6EocRPttf3WMA6Os?authuser=0&hl=pt-BR&rclk=1","Alan Verlangieri - Advocacia","5,0","(4)","Advogado","","·","Aberto","⋅ Fecha às 17:00","","(22) 99292-9676","https://linktr.ee/dr.alanverlangieri","","Website","","Rotas","""ótima prestação de serviço, muito humanizado e atencioso, recomendo!""","https://ssl.gstatic.com/local/servicebusiness/default_user.png",""
"https://www.google.com.br/maps/place/M.+Negreiros+Advogados/data=!4m7!3m6!1s0x976938bdf4b731:0xeb7e98de3ffd80cb!8m2!3d-23.2955648!4d-44.6015209!16s%2Fg%2F11h1c5d5v!19sChIJMbf0vThplwARy4D9P96Yfus?authuser=0&hl=pt-BR&rclk=1","M. Negreiros Advogados","4,3","(4)","Advogado(a) civil","","·","Aberto","⋅ Fecha às 18:00","","(22) 99103-2689","","","Rotas","","","","",""
"https://www.google.com.br/maps/place/Rua+Beira+Rio,+Clube+dos+Engenheiros,+Araruama-RJ,+CEP+28.985-018,+Brasil/data=!4m7!3m6!1s0x976f0067174f27:0xaa89a3961a8e688d!8m2!3d-22.8503317!4d-42.3354461!16s%2Fg%2F11wjkpbcj9!19sChIJJ08XZwBvlwARjWiOGpajiao?authuser=0&hl=pt-BR&rclk=1","Rua Beira Rio, Clube dos Engenheiros, Araruama-RJ, CEP 28.985-018, Brasil","4,0","(5)","Advogado","·","R. Beira Rio, 30","Aberto 24 horas","","·","(21) 98052-2276","","","Rotas","","","Serviços no local","",""
"https://www.google.com.br/maps/place/Escrit%C3%B3rio+de+Advocacia+Liliane+Vernin/data=!4m7!3m6!1s0x976d376f9747eb:0xbb4beb7ba93b64d3!8m2!3d-22.8387108!4d-42.3039596!16s%2Fg%2F11vy0vpbtc!19sChIJ60eXbzdtlwAR02Q7qXvrS7s?authuser=0&hl=pt-BR&rclk=1","Escritório de Advocacia Liliane Vernin","5,0","(7)","Advogado","·","R. Barão de Monte Belo, 900","Aberto 24 horas","","·","(21) 99558-2544","https://lilianevernin.adv.br/","","Website","","Rotas","""A Doutora Liliane Vernin é uma excepcional advogada.""","https://ssl.gstatic.com/local/servicebusiness/default_user.png",""
"https://www.google.com.br/maps/place/Ramos+Advocacia/data=!4m7!3m6!1s0x976931cfc79fa3:0x7f94d09d581b7f41!8m2!3d-22.874051!4d-42.3383716!16s%2Fg%2F11p76tc3ln!19sChIJo5_HzzFplwARQX8bWJ3QlH8?authuser=0&hl=pt-BR&rclk=1","Ramos Advocacia","","","Advogado","·","Av. Getúlio Vargas, 221 - Sala 311","","","","(22) 99795-8592","","","Rotas","","","","","Nenhuma avaliação"
"https://www.google.com.br/maps/place/Gisele+Matias+-+Advocacia+C%C3%ADvel,+Trabalhista,+Fam%C3%ADlia+e+Consumidor/data=!4m7!3m6!1s0x99e35790fd7565:0x95f47e9d8a0c69d!8m2!3d-22.9315711!4d-42.6292308!16s%2Fg%2F11jlmk11hm!19sChIJZXX9kFfjmQARncag2OlHXwk?authuser=0&hl=pt-BR&rclk=1","Gisele Matias - Advocacia Cível, Trabalhista, Família e Consumidor","5,0","(39)","Escritório de advocacia","·","esquina com - Rua 93, R. 13, 01 - quadra 2016","Aberto","⋅ Fecha às 18:00","·","(22) 99722-0115","","","Rotas","","","""Melhor","https://ssl.gstatic.com/local/servicebusiness/default_user.png",""
"https://www.google.com.br/maps/place/Escrit%C3%B3rio/data=!4m7!3m6!1s0x97690069b4596d:0x68848ad32ca03f44!8m2!3d-22.8706126!4d-42.3346349!16s%2Fg%2F11vzblvpnm!19sChIJbVm0aQBplwARRD-gLNOKhGg?authuser=0&hl=pt-BR&rclk=1","Escritório","","","Advogado","·","Av. Getúlio Vargas, 409/410","","","","","","","Rotas","","","","","Nenhuma avaliação"
"https://www.google.com.br/maps/place/RdCardoso+Advogados/data=!4m7!3m6!1s0x971392beff0a83:0x5555b27ebe37f62b!8m2!3d-22.8379306!4d-42.219495!16s%2Fg%2F11jkx1tqs8!19sChIJgwr_vpITlwARK_Y3vn6yVVU?authuser=0&hl=pt-BR&rclk=1","RdCardoso Advogados","5,0","(34)","Escritório de advocacia","·","·","Aberto","⋅ Fecha às 18:00","Estr. do Arrastão, 158","(22) 99912-4939","https://instagram.com/rdcardosoadv?igshid=YmMyMTA2M2Y=","","Website","","Rotas","""Ótimo atendimento!!!fui bem recebido , muito bem atendido!""","https://ssl.gstatic.com/local/servicebusiness/default_user.png",""
"https://www.google.com.br/maps/place/Stella+Gouveia+Advocacia/data=!4m7!3m6!1s0x975f004497f5df:0x446427376afd9498!8m2!3d-22.9293018!4d-42.4889186!16s%2Fg%2F11ydjzxl9q!19sChIJ3_WXRABflwARmJT9ajcnZEQ?authuser=0&hl=pt-BR&rclk=1","Stella Gouveia Advocacia","5,0","(3)","Advogado de Direito de Família","·","Avenida saquarema ( Lakes Shopping, 2 andar","","","","","","","Rotas","","","","",""
"https://www.google.com.br/maps/place/Iago+Araujo+Advogados/data=!4m7!3m6!1s0x976da94d9fc433:0xb11ae62888157e0e!8m2!3d-22.8697645!4d-42.276087!16s%2Fg%2F11vf5f2vx8!19sChIJM8SfTaltlwARDn4ViCjmGrE?authuser=0&hl=pt-BR&rclk=1","Iago Araujo Advogados","5,0","(5)","Advogado criminal","·","·","Aberto 24 horas","","Rod. Amaral Peixoto, KM 90 - Loja 15","(22) 99266-7518","https://www.iagoaraujoadvogadocriminalista.com/","","Website","","Rotas","Serviços no local","",""
"https://www.google.com.br/maps/place/Renata+Ramos+Advogada/data=!4m7!3m6!1s0x825f642a9164f273:0xe5cc5c86f2d332be!8m2!3d-22.880025!4d-42.3139108!16s%2Fg%2F11wnnncdwp!19sChIJc_JkkSpkX4IRvjLT8oZczOU?authuser=0&hl=pt-BR&rclk=1","Renata Ramos Advogada","","","Advogado trabalhista","","·","Aberto","⋅ Fecha às 17:00","","(22) 98805-3031","","","Rotas","","","","","Nenhuma avaliação"
"https://www.google.com.br/maps/place/Dra.+Adriana+Rodrigues+%28advogada+previdenci%C3%A1ria+e+trabalhista%29/data=!4m7!3m6!1s0x99d9ca072ee561:0xdfb8c85ae63d4098!8m2!3d-22.7110246!4d-42.6216894!16s%2Fg%2F11sg_h61h_!19sChIJYeUuB8rZmQARmEA95lrIuN8?authuser=0&hl=pt-BR&rclk=1","Dra. Adriana Rodrigues (advogada previdenciária e trabalhista)","5,0","(48)","Advogado","·","R. Quinze de Novembro, 242 - sala 208 (Oportunity","Aberto","⋅ Fecha às 18:00","·","(21) 97185-8375","https://www.instagram.com/p/CifcnblrXw_/?igshid=ZmVmZTY5ZGE=","","Website","","Rotas","Serviços no local","",""
"https://www.google.com.br/maps/place/Pereira+e+Cunha+Advocacia/data=!4m7!3m6!1s0x4c8cb2d7130c8c01:0x9eeb52d11c236ef1!8m2!3d-22.726862!4d-42.4609659!16s%2Fg%2F11kp9n90b_!19sChIJAYwME9eyjEwR8W4jHNFS654?authuser=0&hl=pt-BR&rclk=1","Pereira e Cunha Advocacia","5,0","(2)","Advogado","","·","Aberto","⋅ Fecha às 16:30","","(22) 99746-3159","","","Rotas","","","""Ótimo escritório para problemas relacionado a saúde.""","https://ssl.gstatic.com/local/servicebusiness/default_user.png",""
"https://www.google.com.br/maps/place/Da+Silva+-+Advogados+Associados/data=!4m7!3m6!1s0x99e5003861b0e3:0x977cdeac02aed08!8m2!3d-22.9532071!4d-42.6979766!16s%2Fg%2F11y84jlqbt!19sChIJ47BhOADlmQARCO0qwOrNdwk?authuser=0&hl=pt-BR&rclk=1","Da Silva - Advogados Associados","5,0","(28)","Advogado","·","Luiz Pereira - R. Alcebíades Teodoro Pereira, 16","Aberto 24 horas","","·","(21) 96904-7088","https://www.instagram.com/advogado_fernandodasilva/","","Website","","Rotas","""Advogado muito competente, sempre disposto a auxiliar os seus clientes.""","https://ssl.gstatic.com/local/servicebusiness/default_user.png",""
"https://www.google.com.br/maps/place/Martins+%26+Pellini+Advogados+e+Consultores/data=!4m7!3m6!1s0x8d516a82b9d6da05:0x4eab7bd3b22b8fbd!8m2!3d-14.4095262!4d-51.31668!16s%2Fg%2F11wy3kg9z4!19sChIJBdrWuYJqUY0RvY8rstN7q04?authuser=0&hl=pt-BR&rclk=1","Martins & Pellini Advogados e Consultores","","","Advogado","","·","Aberto 24 horas","","","(21) 99898-3539","","","Rotas","","","","","Nenhuma avaliação"
"","","","","","","","","","","","","","","","","","",""