"hfpxzc href","qBF1Pd","MW4etd","UY7F9","W4Efsd","W4Efsd 2","doJOZc","W4Efsd 3","W4Efsd 4","W4Efsd 5","W4Efsd 6","UsdlK","lcr4fd href","Cw1rxd","R8c4Qb","Cw1rxd 2","R8c4Qb 2","ah5Ghc","M4A5Cf","ah5Ghc 2","W4Efsd 7","e4rVHe"
"","","","","","","","","","","","","","","","","","","","","",""
"","","","","","","","","","","","","","","","","","","","","",""
"https://www.google.com.br/maps/place/Moraes+Franco+Advocacia/data=!4m7!3m6!1s0x964b20075b66a9:0xe135dc7298225e1!8m2!3d-22.5238195!4d-41.9410294!16s%2Fg%2F11fjy3vwh5!19sChIJqWZbByBLlgAR4SWCKcddEw4?authuser=0&hl=pt-BR&rclk=1","Moraes Franco Advocacia","4,9","(504)","Advogado","¬∑","Ó§¥","¬∑","R. Maier, 110 - Sala: 102","Aberto 24 horas","¬∑","(22) 99763-7883","http://moraesfranco.adv.br/","Ó†ã","Website","ÓîÆ","Rotas","Servi√ßos no local","¬∑","Agendamento on-line","",""
"https://www.google.com.br/maps/place/Valeriano+Advogados+-+%28Rio+das+Ostras%29/data=!4m7!3m6!1s0x97b5af11134c77:0x92f24f1e4128879b!8m2!3d-22.5156869!4d-41.9304604!16s%2Fg%2F11gy8hj1ly!19sChIJd0wTEa-1lwARm4coQR5P8pI?authuser=0&hl=pt-BR&rclk=1","Valeriano Advogados - (Rio das Ostras)","5,0","(41)","Escrit√≥rio de advocacia","¬∑","Ó§¥","¬∑","R. Jorge Ulrick, 251","Aberto","¬∑","(22) 99984-7873","https://www.valerianojuridico.com/","Ó†ã","Website","ÓîÆ","Rotas","","","","‚ãÖ Fecha √†s 18:00",""
"https://www.google.com.br/maps/place/Bastos+%26+Corr%C3%AAa+Advocacia+e+Consultoria+Jur%C3%ADdica/data=!4m7!3m6!1s0x97b4bac440ac9b:0x958419792f29dc6c!8m2!3d-22.5177971!4d-41.9416009!16s%2Fg%2F12hl79h8k!19sChIJm6xAxLq0lwARbNwpL3kZhJU?authuser=0&hl=pt-BR&rclk=1","Bastos & Corr√™a Advocacia e Consultoria Jur√≠dica","4,8","(49)","Advogado","¬∑","","R. Bangu, 1468","¬∑","Aberto 24 horas","","(22) 98117-6002","https://bastosecorrea.localo.site/?utm_source=google_profile&utm_campaign=localo&utm_medium=mainlink","Ó†ã","Website","ÓîÆ","Rotas","Servi√ßos no local","¬∑","Agendamento on-line","",""
"https://www.google.com.br/maps/place/Bocks+Ramos+Advogados/data=!4m7!3m6!1s0x964b8d79c2cc5f:0xb3eab96a11230ab6!8m2!3d-22.5011865!4d-41.91311!16s%2Fg%2F11hywbpy7g!19sChIJX8zCeY1LlgARtgojEWq56rM?authuser=0&hl=pt-BR&rclk=1","Bocks Ramos Advogados","5,0","(39)","Escrit√≥rio de advocacia","¬∑","Ó§¥","¬∑","R. Dinah Silveira de Queiroz","Aberto","¬∑","(22) 99938-3896","http://www.bocksramos.adv.br/","Ó†ã","Website","ÓîÆ","Rotas","","","","‚ãÖ Fecha √†s 18:00",""
"https://www.google.com.br/maps/place/Alessandra+Almeida+Advocacia+e+Consultoria+Jur%C3%ADdica/data=!4m7!3m6!1s0x97b54afd5cee59:0x2d39266ee7202d95!8m2!3d-22.5150134!4d-41.9313905!16s%2Fg%2F11pv3_pjpq!19sChIJWe5c_Uq1lwARlS0g524mOS0?authuser=0&hl=pt-BR&rclk=1","Alessandra Almeida Advocacia e Consultoria Jur√≠dica","5,0","(54)","Escrit√≥rio de advocacia","¬∑","","Av. Jane Maria Martins Figueira, 93 - sala 05","¬∑","Aberto 24 horas","","(22) 99797-6506","https://drive.google.com/file/d/1xLAYBu53rHiTlpLPYjXtR8QrzgODOTFb/view","Ó†ã","Website","ÓîÆ","Rotas","","","","",""
"https://www.google.com.br/maps/place/Barreto+%26+Ferreira+Advocacia/data=!4m7!3m6!1s0x97b52cadb7722f:0x5dc0046b0692cdc2!8m2!3d-22.4977676!4d-41.9208013!16s%2Fg%2F11wy7j8st7!19sChIJL3K3rSy1lwARws2SBmsEwF0?authuser=0&hl=pt-BR&rclk=1","Barreto & Ferreira Advocacia","5,0","(51)","Advogado trabalhista","¬∑","","Av. Alcebiades Sabino dos Santos, 359 - Sala 109","Fecha em breve","‚ãÖ 17:00 ‚ãÖ Abre ter. √†s 09:00","¬∑","(22) 99893-4033","","ÓîÆ","Rotas","","","","","","",""
"https://www.google.com.br/maps/place/ANTONIETO+%26+AZEVEDO+ADVOGADOS+ASSOCIADOS/data=!4m7!3m6!1s0x97b5f05ab9b74b:0x93d3a51b42a63073!8m2!3d-22.5242923!4d-41.9373096!16s%2Fg%2F11w1d_7lnk!19sChIJS7e5WvC1lwARczCmQhul05M?authuser=0&hl=pt-BR&rclk=1","ANTONIETO & AZEVEDO ADVOGADOS ASSOCIADOS","5,0","(35)","Advogado","¬∑","","R. Luiza Viana, 104","¬∑","Aberto","","(22) 99777-2021","https://antonietoeazevedo.com.br/","Ó†ã","Website","ÓîÆ","Rotas","","","","‚ãÖ Fecha √†s 18:00",""
"https://www.google.com.br/maps/place/Provazzi+Advogados+-+%28Rio+das+Ostras%29/data=!4m7!3m6!1s0x964bf688660a41:0xdcd730562ffd6ffc!8m2!3d-22.5063824!4d-41.9280382!16s%2Fg%2F11q43_nb0n!19sChIJQQpmiPZLlgAR_G_9L1Yw19w?authuser=0&hl=pt-BR&rclk=1","Provazzi Advogados - (Rio das Ostras)","5,0","(19)","Escrit√≥rio de advocacia","¬∑","","R. Bom Jardim, 69","¬∑","Aberto","","(22) 98147-2338","https://provazziadvocacia.escritorio-online.com/","Ó†ã","Website","ÓîÆ","Rotas","","","","‚ãÖ Fecha √†s 18:00",""
"https://www.google.com.br/maps/place/advocacia-sebastiaomarques/data=!4m7!3m6!1s0x97b360c368202d:0x9455b722e0e2ac74!8m2!3d-22.526422!4d-41.941279!16s%2Fg%2F11b70gg46f!19sChIJLSBow2CzlwARdKzi4CK3VZQ?authuser=0&hl=pt-BR&rclk=1","advocacia-sebastiaomarques","5,0","(47)","Advogado","¬∑","","R. Raul de Oliveira Rodrigues, 74 - 106b","¬∑","Fecha em breve","","(22) 2764-1263","http://www.ssmarques.adv.br/","Ó†ã","Website","ÓîÆ","Rotas","Servi√ßos no local","¬∑","Agendamento on-line","‚ãÖ 17:00 ‚ãÖ Abre ter. √†s 13:30",""
"https://www.google.com.br/maps/place/Murilo+Nascimento+Advocacia/data=!4m7!3m6!1s0x97b36442f585af:0x9646baeb2658111e!8m2!3d-22.525139!4d-41.9439996!16s%2Fg%2F11f01zkpk6!19sChIJr4X1QmSzlwARHhFYJuu6RpY?authuser=0&hl=pt-BR&rclk=1","Murilo Nascimento Advocacia","5,0","(80)","Escrit√≥rio de advocacia","¬∑","Ó§¥","¬∑","R. Elba de P√°dua Lima, 575","Fecha em breve","¬∑","(22) 99720-0453","http://www.murilonascimentoadvogados.com.br/","Ó†ã","Website","ÓîÆ","Rotas","","","","‚ãÖ 17:00 ‚ãÖ Abre ter. √†s 08:00",""
"https://www.google.com.br/maps/place/Lara+Boechat+-+Advocacia+e+Consultoria+Jur%C3%ADdica/data=!4m7!3m6!1s0x97b30c70e0d879:0x8b6769a4bb30361b!8m2!3d-22.549325!4d-41.9767085!16s%2Fg%2F11j25bf8h1!19sChIJedjgcAyzlwARGzYwu6RpZ4s?authuser=0&hl=pt-BR&rclk=1","Lara Boechat - Advocacia e Consultoria Jur√≠dica","4,8","(48)","Escrit√≥rio de advocacia","¬∑","Ó§¥","¬∑","Fecha em breve","‚ãÖ 17:00 ‚ãÖ Abre ter. √†s 09:00","R. Santa Catarina, 13","(22) 99787-7870","","ÓîÆ","Rotas","","","","","","¬∑",""
"https://www.google.com.br/maps/place/Dra.+Dayanna+Ribeiro+Advocacia/data=!4m7!3m6!1s0x97b5478d7caf9b:0xdd4a44746b9e3262!8m2!3d-22.4875468!4d-41.9145471!16s%2Fg%2F11j8_kjfnt!19sChIJm698jUe1lwARYjKea3RESt0?authuser=0&hl=pt-BR&rclk=1","Dra. Dayanna Ribeiro Advocacia","4,7","(12)","Escrit√≥rio de advocacia","¬∑","Ó§¥","¬∑","Aberto","‚ãÖ Fecha √†s 18:30","R. das Ac√°cias, 463","(21) 97518-2375","","ÓîÆ","Rotas","","","","","","¬∑",""
"https://www.google.com.br/maps/place/Chambela+Advocacia/data=!4m7!3m6!1s0x97b4bae70faaab:0x9857456bb106f361!8m2!3d-22.5146496!4d-41.9316133!16s%2Fg%2F11t1bpdbx4!19sChIJq6oP57q0lwARYfMGsWtFV5g?authuser=0&hl=pt-BR&rclk=1","Chambela Advocacia","5,0","(32)","Escrit√≥rio de advocacia","¬∑","","R. Concei√ß√£o de Macabu, 254 - casa 01","Aberto","‚ãÖ Fecha √†s 18:00","¬∑","(22) 99742-4446","","ÓîÆ","Rotas","","","","","","",""
"https://www.google.com.br/maps/place/Dr.+Leonardo+Lima+-+Advocacia+%26+Consultoria+Jur%C3%ADdica/data=!4m7!3m6!1s0x964b2a8e79b39f:0xf921273bf37f0312!8m2!3d-22.4922265!4d-41.9176758!16s%2Fg%2F11btwk6qb4!19sChIJn7N5jipLlgAREgN_8zsnIfk?authuser=0&hl=pt-BR&rclk=1","Dr. Leonardo Lima - Advocacia & Consultoria Jur√≠dica","4,9","(17)","Advogado","¬∑","Ó§¥","¬∑","Av. das Flores","Aberto","¬∑","(22) 99956-0193","https://www.limasadvogados.com/","Ó†ã","Website","ÓîÆ","Rotas","Servi√ßos no local","¬∑","Agendamento on-line","‚ãÖ Fecha √†s 18:00",""
"https://www.google.com.br/maps/place/Bastos+Advocacia/data=!4m7!3m6!1s0x97b54ac13d8c75:0x7dcc0a010a74c4c!8m2!3d-22.5195857!4d-41.9451666!16s%2Fg%2F11j1nz2nfx!19sChIJdYw9wUq1lwARTEynEKDA3Ac?authuser=0&hl=pt-BR&rclk=1","Bastos Advocacia","5,0","(30)","Advogado","¬∑","Ó§¥","¬∑","Fecha em breve","‚ãÖ 17:00 ‚ãÖ Abre ter. √†s 09:00","Av. Novo Rio das Ostras, 814","(22) 2771-1078","","ÓîÆ","Rotas","","","Servi√ßos no local","¬∑","Agendamento on-line","¬∑",""
"https://www.google.com.br/maps/place/Cabanas+%26+Del+Rio+Advogados+Associados/data=!4m7!3m6!1s0x97b5095099af8b:0x3bcbf575abb9b7f4!8m2!3d-22.4974019!4d-41.9206046!16s%2Fg%2F11vf2cxk43!19sChIJi6-ZUAm1lwAR9Le5q3X1yzs?authuser=0&hl=pt-BR&rclk=1","Cabanas & Del Rio Advogados Associados","5,0","(11)","Advogado criminal","¬∑","","Av. Alcebiades Sabino dos Santos, 353 - Sala 211","Aberto 24 horas","","¬∑","(22) 97400-2091","","ÓîÆ","Rotas","","","Servi√ßos no local","¬∑","Agendamento on-line","",""
"https://www.google.com.br/maps/place/Advocacia+Dr.+Newton+Jr./data=!4m7!3m6!1s0x97b5e7e44ffa3b:0x5389e09011308146!8m2!3d-22.5253331!4d-41.942054!16s%2Fg%2F11j5ssbp2w!19sChIJO_pP5Oe1lwARRoEwEZDgiVM?authuser=0&hl=pt-BR&rclk=1","Advocacia Dr. Newton Jr.","4,8","(16)","Escrit√≥rio de advocacia","¬∑","","R. Ver√¥nica Martins, 61 - sala 101","¬∑","Aberto","","(22) 97403-3160","http://www.drnewtonrodrigues.com.br/","Ó†ã","Website","ÓîÆ","Rotas","","","","‚ãÖ Fecha √†s 18:00",""
"https://www.google.com.br/maps/place/Dos+Reis+%26+Associados+Advogados/data=!4m7!3m6!1s0x97b56609aec241:0xc6bbd8cf4aa8f3c8!8m2!3d-22.5220243!4d-41.9382283!16s%2Fg%2F11x8hlqxyn!19sChIJQcKuCWa1lwARyPOoSs_Yu8Y?authuser=0&hl=pt-BR&rclk=1","Dos Reis & Associados Advogados","4,8","(20)","Escrit√≥rio de advocacia","¬∑","","R. Bangu, 888 - Salas de 1-3","¬∑","Fecha em breve","","(22) 99231-5648","https://dosreiseassociados.com/","Ó†ã","Website","ÓîÆ","Rotas","","","","‚ãÖ 17:00 ‚ãÖ Abre ter. √†s 10:00",""
"https://www.google.com.br/maps/place/F.+L.+Melo+Advogados+-+Rio+das+Ostras+RJ/data=!4m7!3m6!1s0x97b4d01e42744d:0xa41a768a5dca8b3c!8m2!3d-22.497479!4d-41.9285608!16s%2Fg%2F11hbm8nzbz!19sChIJTXRCHtC0lwARPIvKXYp2GqQ?authuser=0&hl=pt-BR&rclk=1","F. L. Melo Advogados - Rio das Ostras RJ","5,0","(4)","Escrit√≥rio de advocacia","¬∑","Ó§¥","¬∑","Fecha em breve","‚ãÖ 17:00 ‚ãÖ Abre ter. √†s 10:00","R. Nova Igua√ßu, 668 - Lj4","(22) 2771-3943","","ÓîÆ","Rotas","","","","","","¬∑",""
"https://www.google.com.br/maps/place/De+Almeida+Advocacia+Criminal/data=!4m7!3m6!1s0x97b5860c859473:0xd899f3c23c215117!8m2!3d-22.5166604!4d-41.930906!16s%2Fg%2F11vt6djg28!19sChIJc5SFDIa1lwARF1EhPMLzmdg?authuser=0&hl=pt-BR&rclk=1","De Almeida Advocacia Criminal","5,0","(10)","Escrit√≥rio de advocacia","¬∑","","R. Carlos Nioac, 20 - Sala 01A","Aberto 24 horas","","¬∑","(22) 99953-9247","","ÓîÆ","Rotas","","","","","","",""
"https://www.google.com.br/maps/place/Djuric+Advocacia+-+Rio+das+Ostras/data=!4m7!3m6!1s0x97b5d51d3295b9:0x9d0a6af64e7b7181!8m2!3d-22.4974019!4d-41.9206046!16s%2Fg%2F11fkyf8dpq!19sChIJuZUyHdW1lwARgXF7TvZqCp0?authuser=0&hl=pt-BR&rclk=1","Djuric Advocacia - Rio das Ostras","5,0","(1)","Advogado","¬∑","Ó§¥","¬∑","Av. Alcebiades Sabino dos Santos, 353 - Sala 106","Fecha em breve","¬∑","(22) 3321-4961","http://www.djuricadvocacia.com/","Ó†ã","Website","ÓîÆ","Rotas","","","","‚ãÖ 18:00 ‚ãÖ Abre ter. √†s 09:00",""
"https://www.google.com.br/maps/place/Advogada+Correspondente+Rio+das+Ostras+RJ/data=!4m7!3m6!1s0x97b395bcba888f:0xd10b466ec425638b!8m2!3d-22.5245409!4d-41.9541774!16s%2Fg%2F11w9t7r9g3!19sChIJj4i6vJWzlwARi2MlxG5GC9E?authuser=0&hl=pt-BR&rclk=1","Advogada Correspondente Rio das Ostras RJ","","","Advogado","¬∑","","R. Esp√≠rito Santo, 134","Aberto","‚ãÖ Fecha √†s 19:00","¬∑","(22) 99893-4759","","ÓîÆ","Rotas","","","Servi√ßos no local","¬∑","Agendamento on-line","","Nenhuma avalia√ß√£o"
"https://www.google.com.br/maps/place/RAP+ADVOCACIA/data=!4m7!3m6!1s0x964b0f90bb3701:0x579db756c076a55a!8m2!3d-22.4875769!4d-41.9138745!16s%2Fg%2F11fswc8s0p!19sChIJATe7kA9LlgARWqV2wFa3nVc?authuser=0&hl=pt-BR&rclk=1","RAP ADVOCACIA","4,9","(21)","Escrit√≥rio de advocacia","¬∑","Ó§¥","¬∑","Av. das Flores, 1733","Fecha em breve","¬∑","(22) 99707-4275","https://www.instagram.com/raadvocacia_/","Ó†ã","Website","ÓîÆ","Rotas","""Excelente assessoria, minha aposentadoria foi liberada rapidamente.""","","","‚ãÖ 18:00 ‚ãÖ Abre ter. √†s 09:00",""
"https://www.google.com.br/maps/place/Jennifer+Paim+Advocacia+-+CRIMINALISTA+em+Rio+das+Ostras/data=!4m7!3m6!1s0x971b35debca6f7:0xeb2ad7cc1359c660!8m2!3d-22.5209465!4d-41.9448276!16s%2Fg%2F11kjxrr0rh!19sChIJ96a83jUblwARYMZZE8zXKus?authuser=0&hl=pt-BR&rclk=1","Jennifer Paim Advocacia - CRIMINALISTA em Rio das Ostras","5,0","(13)","Advogado criminal","¬∑","Ó§¥","¬∑","R. Flamengo","Aberto 24 horas","¬∑","(22) 99728-0968","https://jenniferpaimadvocacia.com.br/#","Ó†ã","Website","ÓîÆ","Rotas","""Escrit√≥rio muito bom e uma excelente profissional.""","","","",""
"https://www.google.com.br/maps/place/Santos+Moreira+Advocacia/data=!4m7!3m6!1s0x97b5e7fa66b4ad:0x7199a7ecf394b416!8m2!3d-22.5123718!4d-41.9294431!16s%2Fg%2F11t6gbm7k9!19sChIJrbRm-ue1lwARFrSU8-ynmXE?authuser=0&hl=pt-BR&rclk=1","Santos Moreira Advocacia","5,0","(3)","Advogado","¬∑","","R. Nelson Pecegueiro do Amaral, 76 - sala 104","¬∑","Aberto","","(22) 99788-7661","https://santosmoreira.adv.br/","Ó†ã","Website","ÓîÆ","Rotas","Servi√ßos no local","¬∑","Agendamento on-line","‚ãÖ Fecha √†s 20:00",""
"https://www.google.com.br/maps/place/F.+L.+Melo+Advogados+-+Rio+das+Ostras+RJ/data=!4m7!3m6!1s0x97b4d01e42744d:0xa41a768a5dca8b3c!8m2!3d-22.497479!4d-41.9285608!16s%2Fg%2F11hbm8nzbz!19sChIJTXRCHtC0lwARPIvKXYp2GqQ?authuser=0&hl=pt-BR&rclk=1","F. L. Melo Advogados - Rio das Ostras RJ","5,0","(4)","Escrit√≥rio de advocacia","¬∑","Ó§¥","¬∑","Fechado","‚ãÖ Abre ter. √†s 10:00","R. Nova Igua√ßu, 668 - Lj4","(22) 2771-3943","","ÓîÆ","Rotas","","","""Excelente atendimento!""","","","¬∑",""
"https://www.google.com.br/maps/place/Escritorio+Rodrigues+%26+Rodrigues+Advocacia+Especializada/data=!4m7!3m6!1s0x97b37fb4641821:0x9e5179f41818aaa5!8m2!3d-22.5245275!4d-41.9367668!16s%2Fg%2F11h8x8n_b_!19sChIJIRhktH-zlwARpaoYGPR5UZ4?authuser=0&hl=pt-BR&rclk=1","Escritorio Rodrigues & Rodrigues Advocacia Especializada","5,0","(6)","Escrit√≥rio de advocacia","¬∑","","R. Luiza Viana","Fecha em breve","‚ãÖ 18:00 ‚ãÖ Abre ter. √†s 09:00","¬∑","(22) 98141-7142","","ÓîÆ","Rotas","","","""Recomendo demais.""","","","",""
"https://www.google.com.br/maps/place/Dos+Reis+%26+Associados+Advogados/data=!4m7!3m6!1s0x97b56609aec241:0xc6bbd8cf4aa8f3c8!8m2!3d-22.5220243!4d-41.9382283!16s%2Fg%2F11x8hlqxyn!19sChIJQcKuCWa1lwARyPOoSs_Yu8Y?authuser=0&hl=pt-BR&rclk=1","Dos Reis & Associados Advogados","4,8","(20)","Escrit√≥rio de advocacia","¬∑","","R. Bangu, 888 - Salas de 1-3","¬∑","Fechado","","(22) 99231-5648","https://dosreiseassociados.com/","Ó†ã","Website","ÓîÆ","Rotas","""Uma advogado excelente em Rio das Ostras,pode contar com ela""","","","‚ãÖ Abre ter. √†s 10:00",""
"https://www.google.com.br/maps/place/ORCC+-+Advogados+Associados/data=!4m7!3m6!1s0x97b3b2ccb6bf15:0xc3cef862335debad!8m2!3d-22.525555!4d-41.9429376!16s%2Fg%2F11td4rzq0q!19sChIJFb-2zLKzlwARretdM2L4zsM?authuser=0&hl=pt-BR&rclk=1","ORCC - Advogados Associados","5,0","(5)","Advogado","¬∑","","R. Aur√©lia Moreira Jorge, 59 - sala 07","¬∑","Fecha em breve","","(22) 99942-7878","http://www.orcc.adv.br/","Ó†ã","Website","ÓîÆ","Rotas","Servi√ßos no local","¬∑","Agendamento on-line","‚ãÖ 18:00 ‚ãÖ Abre ter. √†s 08:00",""
"https://www.google.com.br/maps/place/Salles+Advocacia+e+Consultoria+Jur%C3%ADdica/data=!4m7!3m6!1s0x97b54b7f29b227:0xad10d829636398ce!8m2!3d-22.523905!4d-41.936364!16s%2Fg%2F11vz21gxh7!19sChIJJ7Ipf0u1lwARzphjYynYEK0?authuser=0&hl=pt-BR&rclk=1","Salles Advocacia e Consultoria Jur√≠dica","5,0","(8)","Advogado","¬∑","","R. Jo√£o Viana, 115 - Sala 04","Fecha em breve","‚ãÖ 18:00 ‚ãÖ Abre ter. √†s 08:00","¬∑","(22) 98136-9596","","ÓîÆ","Rotas","","","Servi√ßos no local","¬∑","Agendamento on-line","",""
"https://www.google.com.br/maps/place/Alan+Macabu+Advogados+Associados/data=!4m7!3m6!1s0x97b3f525dd9785:0x2ddbed13d2329fbc!8m2!3d-22.5257346!4d-41.9415012!16s%2Fg%2F11g0g8jr5s!19sChIJhZfdJfWzlwARvJ8y0hPt2y0?authuser=0&hl=pt-BR&rclk=1","Alan Macabu Advogados Associados","5,0","(3)","Advogado","¬∑","","R. Rego Barros, n¬∫ 244 - 102","¬∑","Fecha em breve","","(22) 2778-1009","http://www.alanmacabuadvogados.com.br/","Ó†ã","Website","ÓîÆ","Rotas","""√ìtimo atendimento""","","","‚ãÖ 18:00 ‚ãÖ Abre ter. √†s 09:00",""
"https://www.google.com.br/maps/place/Barros+Advocacia/data=!4m7!3m6!1s0x6509fe4aa9ff9101:0x2d9f2bcbdafc5d9d!8m2!3d-22.5272953!4d-41.9431673!16s%2Fg%2F11tmb_mm78!19sChIJAZH_qUr-CWURnV382ssrny0?authuser=0&hl=pt-BR&rclk=1","Barros Advocacia","5,0","(5)","Escrit√≥rio de advocacia","¬∑","","R. Maria Let√≠cia, 36 - sala 105","Fecha em breve","‚ãÖ 18:00 ‚ãÖ Abre ter. √†s 10:00","¬∑","(22) 99254-8974","","ÓîÆ","Rotas","","","""Recomendo pela postura √©tica e profissional .""","","","",""
"https://www.google.com.br/maps/place/Elaine+Pacheco+-+ADVOCACIA+PREVIDENCIARIA/data=!4m7!3m6!1s0x964bc422233db1:0x3facc42244bcfaaf!8m2!3d-22.4837817!4d-41.9108669!16s%2Fg%2F11sqjdgb1r!19sChIJsT0jIsRLlgARr_q8RCLErD8?authuser=0&hl=pt-BR&rclk=1","Elaine Pacheco - ADVOCACIA PREVIDENCIARIA","4,8","(6)","Advogado previdenci√°rio","¬∑","Ó§¥","¬∑","Fecha em breve","‚ãÖ 18:00 ‚ãÖ Abre ter. √†s 09:00","Rua das Papoulas, n‚Ä¢ 3","(22) 99909-0249","","ÓîÆ","Rotas","","","""Excelente trabalho, com o melhor atendimento que j√° presenciei.""","","","¬∑",""
"https://www.google.com.br/maps/place/MCPM+Advocacia/data=!4m7!3m6!1s0x97b31a56bb8f17:0x63333b46ae88b74b!8m2!3d-22.5258855!4d-41.942!16s%2Fg%2F11wqfxbf66!19sChIJF4-7VhqzlwARS7eIrkY7M2M?authuser=0&hl=pt-BR&rclk=1","MCPM Advocacia","5,0","(2)","Advogado","¬∑","","Rod. Amaral Peixoto, 4878 - sala 04","Fecha em breve","‚ãÖ 18:00 ‚ãÖ Abre ter. √†s 09:00","¬∑","(22) 2771-4980","","ÓîÆ","Rotas","","","Servi√ßos no local","¬∑","Agendamento on-line","",""
"https://www.google.com.br/maps/place/Advocacia+Stefany+Veiga/data=!4m7!3m6!1s0x97b5a1cdeb70d7:0xd4bd3d2da4e86959!8m2!3d-22.5104575!4d-41.9217435!16s%2Fg%2F11y9j8ns5c!19sChIJ13DrzaG1lwARWWnopC09vdQ?authuser=0&hl=pt-BR&rclk=1","Advocacia Stefany Veiga","5,0","(9)","Advogado","¬∑","","R. Safira, 84 - unidade 3","Fecha em breve","‚ãÖ 18:00 ‚ãÖ Abre ter. √†s 09:00","¬∑","(22) 99773-1770","","ÓîÆ","Rotas","","","Servi√ßos no local","¬∑","Agendamento on-line","",""
"https://www.google.com.br/maps/place/Carneiro+Le%C3%A3o+Advocacia/data=!4m7!3m6!1s0x97b3336027a343:0x8234fbf2857bf4cd!8m2!3d-22.5307597!4d-41.9728907!16s%2Fg%2F11sx0xd3gc!19sChIJQ6MnYDOzlwARzfR7hfL7NII?authuser=0&hl=pt-BR&rclk=1","Carneiro Le√£o Advocacia","5,0","(9)","Advogado","¬∑","Ó§¥","¬∑","Rua 1 Serramar Center, Rod. Serramar","Fecha em breve","¬∑","(22) 97402-7551","https://carneiroleaoadvocacia.com.br/","Ó†ã","Website","ÓîÆ","Rotas","Servi√ßos no local","¬∑","Agendamento on-line","‚ãÖ 18:00 ‚ãÖ Abre ter. √†s 09:30",""
"https://www.google.com.br/maps/place/Dra.+Beatriz+Andrade/data=!4m7!3m6!1s0x9bd5b3f37f8293:0x7aa6248828659140!8m2!3d-22.4925479!4d-41.9094442!16s%2Fg%2F11b6j70jbq!19sChIJk4J_87PVmwARQJFlKIgkpno?authuser=0&hl=pt-BR&rclk=1","Dra. Beatriz Andrade","5,0","(3)","Advogado","¬∑","","R. F√©lix Pacheco, 521","¬∑","Fecha em breve","","(22) 99242-1747","http://www.beatrizandrade.adv.br/","Ó†ã","Website","ÓîÆ","Rotas","""Nos manteve tranquilos durante todo tempo.""","","","‚ãÖ 18:00 ‚ãÖ Abre ter. √†s 13:00",""
"https://www.google.com.br/maps/place/Lopes+Ferreira+Advocacia/data=!4m7!3m6!1s0x97b336a74393c9:0x215f9b562dfc6b47!8m2!3d-22.5244284!4d-41.9394887!16s%2Fg%2F11s2mrxl25!19sChIJyZNDpzazlwARR2v8LVabXyE?authuser=0&hl=pt-BR&rclk=1","Lopes Ferreira Advocacia","5,0","(14)","Escrit√≥rio de advocacia","¬∑","","Ed. Phoenix - R. Paulo Viana, 31 - Sala 301","¬∑","Fechado","","(22) 2210-2127","https://www.instagram.com/lopesferreiraadvocacia/","Ó†ã","Website","ÓîÆ","Rotas","""Uma excelente advogada , super simp√°tica e atenciosa.""","","","‚ãÖ Abre ter. √†s 09:00",""
"https://www.google.com.br/maps/place/NT+Advocacia/data=!4m7!3m6!1s0x97b3ae7da9d58b:0x2cdb50fbdffed2c7!8m2!3d-22.5104854!4d-41.9292721!16s%2Fg%2F11hdw2r6s8!19sChIJi9Wpfa6zlwARx9L-3_tQ2yw?authuser=0&hl=pt-BR&rclk=1","NT Advocacia","4,6","(11)","Escrit√≥rio de advocacia","¬∑","","Av. Jane Maria Martins Figueira, 459","Fechado","‚ãÖ Abre ter. √†s 09:00","¬∑","(22) 99242-0937","","ÓîÆ","Rotas","","","""Conduziram com muita transpar√™ncia e de fato tirando um grande peso.""","","","",""
"https://www.google.com.br/maps/place/Daniel+Machado+Advocacia/data=!4m7!3m6!1s0x97b3c3edbc2ec9:0x8ed4deac7fd0ab8a!8m2!3d-22.527998!4d-41.9465717!16s%2Fg%2F11gsbmb050!19sChIJyS687cOzlwARiqvQf6ze1I4?authuser=0&hl=pt-BR&rclk=1","Daniel Machado Advocacia","5,0","(2)","Escrit√≥rio de advocacia","¬∑","","Av. Pref. Cl√°udio Ribeiro, n.¬∫ 178 Co-Offices 178","Fecha em breve","‚ãÖ 18:00 ‚ãÖ Abre ter. √†s 09:00","¬∑","(22) 98826-4696","","ÓîÆ","Rotas","","","","","","",""
"https://www.google.com.br/maps/place/Andr%C3%A9a+Castellano+Weitzel+Advocacia+%26+Consultoria+Jur%C3%ADdica/data=!4m7!3m6!1s0x97b3607fd40c71:0x2137558da9cb2235!8m2!3d-22.5254933!4d-41.9396289!16s%2Fg%2F11dfj9zc5v!19sChIJcQzUf2CzlwARNSLLqY1VNyE?authuser=0&hl=pt-BR&rclk=1","Andr√©a Castellano Weitzel Advocacia & Consultoria Jur√≠dica","5,0","(5)","Empresa de advocacia","¬∑","","Rua Washington Viana 115, R. Jos√© Jorge, 120 - Loja 2","¬∑","Fecha em breve","","(22) 2210-2507","https://www.andreaweitzel.adv.br/","Ó†ã","Website","ÓîÆ","Rotas","","","","‚ãÖ 18:30 ‚ãÖ Abre ter. √†s 09:30",""
"https://www.google.com.br/maps/place/Rodrigues+%26+Silveira+Advogados/data=!4m7!3m6!1s0x6a4e8ff7b78c0dd9:0xda8c6a7e4a019e90!8m2!3d-22.5064764!4d-41.9266781!16s%2Fg%2F11w25y68mm!19sChIJ2Q2Mt_ePTmoRkJ4BSn5qjNo?authuser=0&hl=pt-BR&rclk=1","Rodrigues & Silveira Advogados","5,0","(9)","Escrit√≥rio de advocacia","¬∑","","Av. Jane Maria Martins Figueira, fingueira, 933","¬∑","Fechado","","(22) 99782-3113","https://www.rodriguessilveira.com.br/","Ó†ã","Website","ÓîÆ","Rotas","""Atendimento de excel√™ncia e √≥timos profissionais.""","","","‚ãÖ Abre ter. √†s 09:00",""
"https://www.google.com.br/maps/place/Faria+e+Mariotti/data=!4m7!3m6!1s0x97b31638c23f95:0xa806cab1a86ca72f!8m2!3d-22.531355!4d-41.9645938!16s%2Fg%2F11kk67djyb!19sChIJlT_COBazlwARL6dsqLHKBqg?authuser=0&hl=pt-BR&rclk=1","Faria e Mariotti","5,0","(1)","Advogado","¬∑","","R. Beira do Canal, 1071 - Cantinho do Mar","¬∑","Fecha em breve","","(22) 99267-9635","https://contate.me/fariaemariotti","Ó†ã","Website","ÓîÆ","Rotas","Servi√ßos no local","¬∑","Agendamento on-line","‚ãÖ 18:00 ‚ãÖ Abre ter. √†s 10:00",""
"https://www.google.com.br/maps/place/Advogado+Correspondente+Maca%C3%A9/data=!4m7!3m6!1s0x97b341dfb1be6f:0xd442355a091a1661!8m2!3d-22.5233013!4d-41.9481079!16s%2Fg%2F11fqb3yj47!19sChIJb76x30GzlwARYRYaCVo1QtQ?authuser=0&hl=pt-BR&rclk=1","Advogado Correspondente Maca√©","4,5","(6)","Advogado","¬∑","","R. Araguaia, 120","¬∑","Fechado","","(22) 99284-9423","http://www.facebook.com/macabuadvocacia","Ó†ã","Website","ÓîÆ","Rotas","","","","‚ãÖ Abre ter. √†s 09:00",""
"https://www.google.com.br/maps/place/Amanda+Peroba+Advocacia/data=!4m7!3m6!1s0x97b5920cdafb71:0x5151b21e1c1a7c83!8m2!3d-22.5255684!4d-41.9369807!16s%2Fg%2F11y1qx596h!19sChIJcfvaDJK1lwARg3waHB6yUVE?authuser=0&hl=pt-BR&rclk=1","Amanda Peroba Advocacia","5,0","(9)","Advogado","¬∑","","R. Vicente Viana, 246 - Casa 02","¬∑","Fechado","","(22) 99252-1185","https://amandaperoba.my.canva.site/","Ó†ã","Website","ÓîÆ","Rotas","Servi√ßos no local","¬∑","Agendamento on-line","‚ãÖ Abre ter. √†s 09:00",""
"https://www.google.com.br/maps/place/Reder+e+Rossi+Sociedade+de+Advogados/data=!4m7!3m6!1s0x97b5525a167687:0x6ab4e1f58780467b!8m2!3d-22.5061928!4d-41.9317048!16s%2Fg%2F11ph7rfsb8!19sChIJh3YWWlK1lwARe0aAh_XhtGo?authuser=0&hl=pt-BR&rclk=1","Reder e Rossi Sociedade de Advogados","5,0","(6)","Escrit√≥rio de advocacia","¬∑","Ó§¥","¬∑","Av. Cidade de Campos, 456 - Sala 103","Fecha em breve","¬∑","(22) 99751-4938","http://redererossi.com.br/","Ó†ã","Website","ÓîÆ","Rotas","""Uma advocacia atualizada e clara na sua comunica√ß√£o.""","","","‚ãÖ 18:00 ‚ãÖ Abre ter. √†s 10:00",""
"https://www.google.com.br/maps/place/Andressa+Teodoro+Advocacia+Criminal/data=!4m7!3m6!1s0x97b5c75e77a56d:0x4f01f9c072a0cb89!8m2!3d-22.5215118!4d-41.9414339!16s%2Fg%2F11wty490lq!19sChIJbaV3Xse1lwARicugcsD5AU8?authuser=0&hl=pt-BR&rclk=1","Andressa Teodoro Advocacia Criminal","5,0","(3)","Escrit√≥rio de advocacia","¬∑","","R. Tijuca, 438","","Aberto 24 horas","","","https://www.andressateodoroadv.com.br/","Ó†ã","Website","ÓîÆ","Rotas","""Excelente profissional.""","","","",""
"https://www.google.com.br/maps/place/Advogado+Rio+das+Ostras+grupo+JKR+Solu%C3%A7oes+integradas/data=!4m7!3m6!1s0x97b3538299013d:0xe39de79a74a267c5!8m2!3d-22.528491!4d-41.955451!16s%2Fg%2F11wvw_6k34!19sChIJPQGZglOzlwARxWeidJrnneM?authuser=0&hl=pt-BR&rclk=1","Advogado Rio das Ostras grupo JKR Solu√ßoes integradas","","","Advogado","¬∑","","Cis centro integrado de sa√∫de","Aberto 24 horas","","¬∑","(22) 98162-7892","","ÓîÆ","Rotas","","","","","","","Nenhuma avalia√ß√£o"
"https://www.google.com.br/maps/place/Krieger+Advocacia/data=!4m7!3m6!1s0x97b3907b48c293:0xe8e2f828641e141c!8m2!3d-22.52424!4d-41.941299!16s%2Fg%2F11ddwj3l8g!19sChIJk8JIe5CzlwARHBQeZCj44ug?authuser=0&hl=pt-BR&rclk=1","Krieger Advocacia","4,0","(23)","Escrit√≥rio de advocacia","¬∑","","R. Das Palmeiras, 9","Fechado","‚ãÖ Abre ter. √†s 09:00","¬∑","(22) 2764-8629","","ÓîÆ","Rotas","","","""Excelente profissional ü§ùüèæ""","","","",""
"https://www.google.com.br/maps/place/Advogada+Maria+Auxiliadora/data=!4m7!3m6!1s0x97b3007998e3d1:0x174397fa09439f68!8m2!3d-22.5246082!4d-41.942161!16s%2Fg%2F11vm6bz42t!19sChIJ0eOYeQCzlwARaJ9DCfqXQxc?authuser=0&hl=pt-BR&rclk=1","Advogada Maria Auxiliadora","5,0","(1)","Advogado","","","¬∑","Fechado","‚ãÖ Abre qua. √†s 10:00","","(22) 99290-0046","","ÓîÆ","Rotas","","","""Excelente advogada.""","","","",""
"https://www.google.com.br/maps/place/Boareto+e+Schneider+Advogados/data=!4m7!3m6!1s0x97b3a22d3bda43:0x7402c99f31f8bf72!8m2!3d-22.5255733!4d-41.9434827!16s%2Fg%2F11jj6ncczj!19sChIJQ9o7LaKzlwARcr_4MZ_JAnQ?authuser=0&hl=pt-BR&rclk=1","Boareto e Schneider Advogados","5,0","(1)","Advogado","¬∑","","R. Araruama, 97","¬∑","Fechado","","(22) 2764-2183","https://www.facebook.com/boaretoschneideradv","Ó†ã","Website","ÓîÆ","Rotas","","","","‚ãÖ Abre ter. √†s 08:30",""
"https://www.google.com.br/maps/place/MACHADO+%26+ADVOGADOS+ASSOCIADOS/data=!4m7!3m6!1s0x97b3614d1e48c1:0xd27c56238d728835!8m2!3d-22.5265939!4d-41.943756!16s%2Fg%2F11csr1yxgp!19sChIJwUgeTWGzlwARNYhyjSNWfNI?authuser=0&hl=pt-BR&rclk=1","MACHADO & ADVOGADOS ASSOCIADOS","4,0","(1)","Advogado","¬∑","","RJ-106, 4721 - salas 201/204","Fechado","‚ãÖ Abre ter. √†s 08:00","¬∑","(22) 2764-2121","","ÓîÆ","Rotas","","","","","","",""
"https://www.google.com.br/maps/place/Bernardo+Advocacia/data=!4m7!3m6!1s0x97b500fecdc087:0xca7f21e87edd64d4!8m2!3d-22.5065918!4d-41.9267756!16s%2Fg%2F11lghs2tyt!19sChIJh8DN_gC1lwAR1GTdfughf8o?authuser=0&hl=pt-BR&rclk=1","Bernardo Advocacia","5,0","(38)","Advogado","¬∑","","Em cima da Cityfarma, Centro comercial Guimar√£es - Av. Jane Maria Martins Figueira, n¬∫ 921","¬∑","Fecha em breve","","(22) 99714-7435","http://www.bernardoadvocacia.com/","Ó†ã","Website","ÓîÆ","Rotas","Servi√ßos no local","","","‚ãÖ 18:00 ‚ãÖ Abre ter. √†s 10:00",""
"https://www.google.com.br/maps/place/Louro%26Nascimento+Advogados/data=!4m7!3m6!1s0x97b526111484df:0x21d54864a83b6404!8m2!3d-22.4954475!4d-41.9229782!16s%2Fg%2F11w8rj_84r!19sChIJ34QUESa1lwARBGQ7qGRI1SE?authuser=0&hl=pt-BR&rclk=1","Louro&Nascimento Advogados","5,0","(7)","Escrit√≥rio de advocacia","¬∑","","Estr. Prof. Leandro Faria Sarzedas, 369 - Sala 09, Galeria","Fechado","‚ãÖ Abre ter. √†s 08:00","","","","ÓîÆ","Rotas","","","Servi√ßos no local","","","",""
"https://www.google.com.br/maps/place/Dra.+Tatiana+Aquiles+%7C+Escrit%C3%B3rio+Aquiles+Advocacia/data=!4m7!3m6!1s0x97b55d1f30bf81:0x4ad4ea39eda9c934!8m2!3d-22.5194342!4d-41.9405225!16s%2Fg%2F11n87kp0x9!19sChIJgb8wH121lwARNMmp7Tnq1Eo?authuser=0&hl=pt-BR&rclk=1","Dra. Tatiana Aquiles | Escrit√≥rio Aquiles Advocacia","","","Advogado","¬∑","","R. Bangu, n¬∫ 1249 - Loja 03","Fecha em breve","‚ãÖ 18:00 ‚ãÖ Abre ter. √†s 09:00","¬∑","(22) 99858-8443","","ÓîÆ","Rotas","","","Servi√ßos no local","¬∑","Agendamento on-line","","Nenhuma avalia√ß√£o"
"https://www.google.com.br/maps/place/Thiago+Riguette+Advocacia+Previdenci%C3%A1ria/data=!4m7!3m6!1s0x97b5cf546e22e1:0x12e5b98b437004e1!8m2!3d-22.5317923!4d-41.9721665!16s%2Fg%2F11wbwkln02!19sChIJ4SJuVM-1lwAR4QRwQ4u55RI?authuser=0&hl=pt-BR&rclk=1","Thiago Riguette Advocacia Previdenci√°ria","5,0","(1)","Advogado previdenci√°rio","¬∑","","R. Um, n¬∞ 60 - sala 101","Fechado","‚ãÖ Abre ter. √†s 09:00","¬∑","(21) 97571-3227","","ÓîÆ","Rotas","","","","","","",""
"https://www.google.com.br/maps/place/Djailma+Lira+Advocacia+Criminal+%26+Fam%C3%ADlia/data=!4m7!3m6!1s0x97b3da1c3f7611:0xe81fe761b1158a6a!8m2!3d-22.5280148!4d-41.9529574!16s%2Fg%2F11twt_k65z!19sChIJEXY_HNqzlwARaooVsWHnH-g?authuser=0&hl=pt-BR&rclk=1","Djailma Lira Advocacia Criminal & Fam√≠lia","5,0","(1)","Advogado","¬∑","","R. Paran√°, 100","Fechado","‚ãÖ Abre ter. √†s 10:00","¬∑","(22) 98161-7527","","ÓîÆ","Rotas","","","Servi√ßos no local","¬∑","Agendamento on-line","",""
"https://www.google.com.br/maps/place/OAB+Rio+Das+Ostras/data=!4m7!3m6!1s0x97b39cda9b31b7:0x9d7b82e8c7bbb05b!8m2!3d-22.523404!4d-41.9422324!16s%2Fg%2F11c2plrwfq!19sChIJtzGb2pyzlwARW7C7x-iCe50?authuser=0&hl=pt-BR&rclk=1","OAB Rio Das Ostras","4,3","(48)","Ordem dos advogados","¬∑","Ó§¥","¬∑","R. Flamengo, 570","Fechado","¬∑","(22) 2764-6881","http://oabrj.org.br/","Ó†ã","Website","ÓîÆ","Rotas","""Excelente atendimento!""","","","‚ãÖ Abre ter. √†s 11:00",""
"https://www.google.com.br/maps/place/F%C3%A1bio+Andr%C3%A9+Malko+%26+Advogados+Associados+%28Filial+RJ%29/data=!4m7!3m6!1s0x97b3a0133aa3d7:0xc7e32f02ec11c217!8m2!3d-22.5270619!4d-41.9531729!16s%2Fg%2F11xctbqm3r!19sChIJ16M6E6CzlwARF8IR7AIv48c?authuser=0&hl=pt-BR&rclk=1","F√°bio Andr√© Malko & Advogados Associados (Filial RJ)","","","Escrit√≥rio de advocacia","¬∑","","Av. Brasil, 320","¬∑","Fechado","","0800 191 2450","https://www.malko.adv.br/","Ó†ã","Website","ÓîÆ","Rotas","","","","‚ãÖ Abre ter. √†s 09:00","Nenhuma avalia√ß√£o"
"https://www.google.com.br/maps/place/Escrit%C3%B3rio+de+Advocacia+Castro+%26+Medeiros/data=!4m7!3m6!1s0x97b39b5c014b65:0x57807417ac321ec3!8m2!3d-22.5265247!4d-41.9570581!16s%2Fg%2F1s04brylt!19sChIJZUsBXJuzlwARwx4yrBd0gFc?authuser=0&hl=pt-BR&rclk=1","Escrit√≥rio de Advocacia Castro & Medeiros","5,0","(2)","Advogado","¬∑","","Av. Brasil, 708","","","","(22) 2760-4110","","ÓîÆ","Rotas","","","","","","",""
"https://www.google.com.br/maps/place/Aleixo+Advogados+Reunidos/data=!4m7!3m6!1s0x97b4d2df2ed021:0x723d6049c6458843!8m2!3d-22.498057!4d-41.9209591!16s%2Fg%2F11bz0lr41g!19sChIJIdAu39K0lwARQ4hFxklgPXI?authuser=0&hl=pt-BR&rclk=1","Aleixo Advogados Reunidos","5,0","(2)","Escrit√≥rio de advocacia","¬∑","","Edif√≠cio Vit√≥ria - Av. Alcebiades Sabino dos Santos, 359 - sala 106","","","","(22) 2771-4893","","ÓîÆ","Rotas","","","","","","",""
"https://www.google.com.br/maps/place/Dra+Luciana+C.+Oliveira/data=!4m7!3m6!1s0x97b4c04c8f704b:0x70156c90fbdcc780!8m2!3d-22.5063459!4d-41.9278397!16s%2Fg%2F1tk2449p!19sChIJS3CPTMC0lwARgMfc-5BsFXA?authuser=0&hl=pt-BR&rclk=1","Dra Luciana C. Oliveira","5,0","(3)","Advogado(a) civil","¬∑","","R. Bom Jardim, 103","","","","(22) 2760-6667","","ÓîÆ","Rotas","","","","","","",""
"https://www.google.com.br/maps/place/Advogado+em+Rio+das+Ostras+%7C+Dr.+Andr%C3%A9+Luso+%7C+Regulariza%C3%A7%C3%A3o+de+Im%C3%B3veis/data=!4m7!3m6!1s0x97b37ade7bb233:0x1344a9a84f330c43!8m2!3d-22.5278568!4d-41.9467055!16s%2Fg%2F11hz9j2bqk!19sChIJM7J73nqzlwARQwwzT6ipRBM?authuser=0&hl=pt-BR&rclk=1","Advogado em Rio das Ostras | Dr. Andr√© Luso | Regulariza√ß√£o de Im√≥veis","","","Escrit√≥rio de advocacia","¬∑","","Av. Pref. Cl√°udio Ribeiro, 178","¬∑","Fechado","","(22) 98142-8404","https://www.andreluso.adv.br/","Ó†ã","Website","ÓîÆ","Rotas","","","","‚ãÖ Abre ter. √†s 09:00","Nenhuma avalia√ß√£o"
"https://www.google.com.br/maps/place/Rodrigues+%26+Silveira+Advogados+-+%28Jardim+Maril%C3%A9a%29/data=!4m7!3m6!1s0x97b56244f3956d:0x4d425fba04504ae0!8m2!3d-22.5064764!4d-41.9266781!16s%2Fg%2F11q4m3j8y5!19sChIJbZXzRGK1lwAR4EpQBLpfQk0?authuser=0&hl=pt-BR&rclk=1","Rodrigues & Silveira Advogados - (Jardim Maril√©a)","","","Advogado","¬∑","","Av. Jane Maria Martins Figueira, 933 - Salas: 102/103","Fecha em breve","‚ãÖ 18:00 ‚ãÖ Abre ter. √†s 09:00","¬∑","(22) 99749-8291","","ÓîÆ","Rotas","","","Servi√ßos no local","¬∑","Agendamento on-line","","Nenhuma avalia√ß√£o"
"https://www.google.com.br/maps/place/Estefania+Carvalho+Sociedade+Individual+de+Advocacia/data=!4m7!3m6!1s0x964b466d7ae0d9:0x21295fe39ae743d6!8m2!3d-22.497877!4d-41.9209172!16s%2Fg%2F11nn559rr5!19sChIJ2eB6bUZLlgAR1kPnmuNfKSE?authuser=0&hl=pt-BR&rclk=1","Estefania Carvalho Sociedade Individual de Advocacia","5,0","(3)","Advogado previdenci√°rio","¬∑","","Av. Alcebiades Sabino dos Santos, 359 sala 110 parte","Fechado","‚ãÖ Abre ter. √†s 09:00","¬∑","(22) 99244-0110","","ÓîÆ","Rotas","","","Servi√ßos no local","","","",""
"https://www.google.com.br/maps/place/J+%26+P+Advogados+Associados+%7C+Advogados+em+Rio+das+Ostras+-+Advogado+para+Direito+Trabalhista+%7C+Direito+Previdenci%C3%A1rio/data=!4m7!3m6!1s0x97b307a9300c1d:0xc16429c882f09416!8m2!3d-22.546574!4d-41.9789443!16s%2Fg%2F11nck5swwm!19sChIJHQwwqQezlwARFpTwgsgpZME?authuser=0&hl=pt-BR&rclk=1","J & P Advogados Associados | Advogados em Rio das Ostras - Advogado para Direito Trabalhista | Direito Previdenci√°rio","","","Advogado trabalhista","¬∑","Ó§¥","¬∑","R. Santa Catarina, 850","Fechado","¬∑","(22) 3321-4647","https://www.instagram.com/adv.ostras/","Ó†ã","Website","ÓîÆ","Rotas","Servi√ßos no local","¬∑","Agendamento on-line","‚ãÖ Abre ter. √†s 09:00","Nenhuma avalia√ß√£o"
"https://www.google.com.br/maps/place/CARVALHO+ADVOCACIA/data=!4m7!3m6!1s0x97b366b2b20e03:0x86f52d9020f27dbe!8m2!3d-22.5262961!4d-41.9432857!16s%2Fg%2F11f4vppkkw!19sChIJAw6ysmazlwARvn3yIJAt9YY?authuser=0&hl=pt-BR&rclk=1","CARVALHO ADVOCACIA","","","Advogado","¬∑","","RJ-106, 4721 - sala 202/203","Aberto","‚ãÖ Fecha √†s 19:30","","","","ÓîÆ","Rotas","","","","","","","Nenhuma avalia√ß√£o"
"https://www.google.com.br/maps/place/RV+Advogada/data=!4m7!3m6!1s0x97b50d750cbd71:0xf6eef17224cbd7a5!8m2!3d-22.4921822!4d-41.9289649!16s%2Fg%2F11rj5_0vps!19sChIJcb0MdQ21lwARpdfLJHLx7vY?authuser=0&hl=pt-BR&rclk=1","RV Advogada","5,0","(2)","Empresa de advocacia","¬∑","","R. Dr Ricardo Bartelega","¬∑","Fecha em breve","","(22) 98165-7424","http://www.rebecavargas.adv.br/","Ó†ã","Website","ÓîÆ","Rotas","""Excelente profissional e atendimento.""","","","‚ãÖ 18:00 ‚ãÖ Abre ter. √†s 09:00",""
"https://www.google.com.br/maps/place/Alberto+Casado+Jr+Advocacia+e+Assessoria/data=!4m7!3m6!1s0x97b37acb2c8e61:0x2031230d3c25b49f!8m2!3d-22.5285953!4d-41.9503832!16s%2Fg%2F11c6wbdc45!19sChIJYY4sy3qzlwARn7QlPA0jMSA?authuser=0&hl=pt-BR&rclk=1","Alberto Casado Jr Advocacia e Assessoria","5,0","(1)","Escrit√≥rio da empresa","¬∑","","Rua Jequitib√°, 678","¬∑","Fecha em breve","","(22) 98827-9602","https://www.facebook.com/Alberto-Casado-Jr-Advocacia-e-Assessoria-1804367723167059/?ref=bookmarks","Ó†ã","Website","ÓîÆ","Rotas","","","","‚ãÖ 18:00 ‚ãÖ Abre ter. √†s 09:00",""
"https://www.google.com.br/maps/place/Santiago+%26+Oliveira+Advocacia/data=!4m7!3m6!1s0x97b5d6a83cc273:0x5aa8e609fb3e662c!8m2!3d-22.5287087!4d-41.9557983!16s%2Fg%2F11ghsfbqpg!19sChIJc8I8qNa1lwARLGY--wnmqFo?authuser=0&hl=pt-BR&rclk=1","Santiago & Oliveira Advocacia","5,0","(3)","Escrit√≥rio de advocacia","¬∑","","R. Santa Catarina, n¬∞ 219 - Sala 303","¬∑","Fechado","","(21) 98167-1428","http://www.facebook.com/cseoadvocacia","Ó†ã","Website","ÓîÆ","Rotas","","","","‚ãÖ Abre ter. √†s 09:00",""
"https://www.google.com.br/maps/place/Pasquali+%26+Oliveira+Advogados/data=!4m7!3m6!1s0x970fbf3ebf1b3b:0xb35ae20576beaa77!8m2!3d-22.5280148!4d-41.9529574!16s%2Fg%2F11bttq21ld!19sChIJOxu_Pr8PlwARd6q-dgXiWrM?authuser=0&hl=pt-BR&rclk=1","Pasquali & Oliveira Advogados","4,5","(2)","Escrit√≥rio de advocacia","¬∑","","R. Paran√°, 100 - loja 9","Fechado","‚ãÖ Abre ter. √†s 09:00","¬∑","(22) 99224-7781","","ÓîÆ","Rotas","","","""O melhor churrasco de saquarema""","","","",""
"https://www.google.com.br/maps/place/Victor+Porto+Advogado/data=!4m7!3m6!1s0x666487d0336dec1:0xa479cb86f97ab420!8m2!3d-22.5132959!4d-41.9292276!16s%2Fg%2F11y4ymgpth!19sChIJwd42A31IZgYRILR6-YbLeaQ?authuser=0&hl=pt-BR&rclk=1","Victor Porto Advogado","","","Advogado(a) civil","¬∑","","Av. Gov. Roberto Silveira, 903 - sala 01","¬∑","Fecha em breve","","(21) 99868-6998","https://victorportoadvogado.com.br/direito-de-familia/","Ó†ã","Website","ÓîÆ","Rotas","Servi√ßos no local","¬∑","Agendamento on-line","‚ãÖ 18:00 ‚ãÖ Abre ter. √†s 08:00","Nenhuma avalia√ß√£o"
"https://www.google.com.br/maps/place/Faria+e+Mariotti/data=!4m7!3m6!1s0x97b5146a00b68b:0x48dab1c6f2c01bcb!8m2!3d-22.5216234!4d-41.9385295!16s%2Fg%2F11ssf1t8cq!19sChIJi7YAahS1lwARyxvA8sax2kg?authuser=0&hl=pt-BR&rclk=1","Faria e Mariotti","","","Advogado de pr√°ticas gerais","¬∑","","R. Bangu, n¬∞ 988 - 1¬∞ andar, sala 102","¬∑","Fecha em breve","","(22) 99835-0884","https://contate.me/faria-e-mariotti","Ó†ã","Website","ÓîÆ","Rotas","Servi√ßos no local","¬∑","Agendamento on-line","‚ãÖ 18:00 ‚ãÖ Abre ter. √†s 10:00","Nenhuma avalia√ß√£o"
"https://www.google.com.br/maps/place/FERREIRA+MARQUES+ADVOGADOS/data=!4m7!3m6!1s0x97b4b22f575d8f:0xacb309037dac5f03!8m2!3d-22.5164751!4d-41.9242281!16s%2Fg%2F11c198sy37!19sChIJj11XL7K0lwARA1-sfQMJs6w?authuser=0&hl=pt-BR&rclk=1","FERREIRA MARQUES ADVOGADOS","5,0","(2)","Advogado","¬∑","Ó§¥","¬∑","Fecha em breve","‚ãÖ 18:00 ‚ãÖ Abre ter. √†s 09:00","Rua Maranh√£o, 101, apt. 14 S√£o Caetano do Sul - SP","(22) 2760-8932","","ÓîÆ","Rotas","","","","","","¬∑",""
"https://www.google.com.br/maps/place/Raysa+Beiro+%7C+Advocacia/data=!4m7!3m6!1s0x97b3114bb4a7bf:0x3cc10a269d81969d!8m2!3d-22.5271863!4d-41.9503306!16s%2Fg%2F11lz67ttlj!19sChIJv6e0SxGzlwARnZaBnSYKwTw?authuser=0&hl=pt-BR&rclk=1","Raysa Beiro | Advocacia","5,0","(6)","Advogado(a) civil","¬∑","","Pra√ßa Pref. Claudio Ribeiro, 178","Fechado","‚ãÖ Abre ter. √†s 09:00","¬∑","(22) 98155-0209","","ÓîÆ","Rotas","","","""Recomendo de olhos fechados os servi√ßos dela!""","","","",""
"https://www.google.com.br/maps/place/Lima+%26+Borzaquiel+Advocacia+Especializada/data=!4m7!3m6!1s0x97af3f7d98af41:0x89f5c0c5e43737aa!8m2!3d-22.5391565!4d-41.9863334!16s%2Fg%2F11qnf1nh2l!19sChIJQa-YfT-vlwARqjc35MXA9Yk?authuser=0&hl=pt-BR&rclk=1","Lima & Borzaquiel Advocacia Especializada","","","Advogado","¬∑","","R. Santa Catarina, 128","¬∑","Fecha em breve","","(22) 98159-9430","http://dramarialeonor5.wixsite.com/website","Ó†ã","Website","ÓîÆ","Rotas","Servi√ßos no local","¬∑","Agendamento on-line","‚ãÖ 18:00 ‚ãÖ Abre ter. √†s 08:30","Nenhuma avalia√ß√£o"
"https://www.google.com.br/maps/place/Azevedo+Rodrigues+Consultoria+Jur%C3%ADdica/data=!4m7!3m6!1s0x97b37a703ae3c7:0xaf0b2e733f97d669!8m2!3d-22.5280044!4d-41.9525312!16s%2Fg%2F11gtynqmlf!19sChIJx-M6cHqzlwARadaXP3MuC68?authuser=0&hl=pt-BR&rclk=1","Azevedo Rodrigues Consultoria Jur√≠dica","5,0","(1)","Advogado","¬∑","","R. Paran√°, 60","","","","(22) 2760-0943","","ÓîÆ","Rotas","","","","","","",""
"https://www.google.com.br/maps/place/Leila+Teixeira+Advogada/data=!4m7!3m6!1s0x2bfdb31a28a12221:0x65ae829a59670498!8m2!3d-22.5410567!4d-41.9758186!16s%2Fg%2F11tcjln88q!19sChIJISKhKBqz_SsRmARnWZqCrmU?authuser=0&hl=pt-BR&rclk=1","Leila Teixeira Advogada","","","Advogado previdenci√°rio","¬∑","","R. Jos√© Davi, 1113","Fechado","‚ãÖ Abre ter. √†s 09:00","¬∑","(21) 98743-6708","","ÓîÆ","Rotas","","","","","","","Nenhuma avalia√ß√£o"
"https://www.google.com.br/maps/place/Viana+Advogados/data=!4m7!3m6!1s0x964bc4c237925b:0xda5e53a5882e4a8!8m2!3d-22.492206!4d-41.9163024!16s%2Fg%2F11h99fl8lr!19sChIJW5I3wsRLlgARqOSCWDrlpQ0?authuser=0&hl=pt-BR&rclk=1","Viana Advogados","","","Escrit√≥rio de advocacia","¬∑","","R. dos Ip√™s, 99 - sala 106","","","","","","ÓîÆ","Rotas","","","","","","","Nenhuma avalia√ß√£o"
"https://www.google.com.br/maps/place/Pinaud+Filho+Advocacia/data=!4m7!3m6!1s0x97b33807476417:0xf769df08f31e9b65!8m2!3d-22.5287188!4d-41.9557015!16s%2Fg%2F11hkm4dhwz!19sChIJF2RHBzizlwARZZse8wjfafc?authuser=0&hl=pt-BR&rclk=1","Pinaud Filho Advocacia","","","Advogado","¬∑","","R. Santa Catarina, 219","Fechado","‚ãÖ Abre ter. √†s 09:00","","","","ÓîÆ","Rotas","","","","","","","Nenhuma avalia√ß√£o"
"https://www.google.com.br/maps/place/Raquel+Toledo+Advogados+Associados/data=!4m7!3m6!1s0x97b3a4bcf93459:0x1ab25066e9a2b24!8m2!3d-22.494048!4d-41.9237833!16s%2Fg%2F11fjr2qgqj!19sChIJWTT5vKSzlwARJCuabgYlqwE?authuser=0&hl=pt-BR&rclk=1","Raquel Toledo Advogados Associados","","","Advogado","¬∑","","Estrada Professor Leandro Sarzedas, Qd. 06 Lt 85, Sala 304, Edif√≠cio RO 01","¬∑","Fecha em breve","","(22) 99254-0508","http://www.raqueltoledoadvogados.com.br/","Ó†ã","Website","ÓîÆ","Rotas","Servi√ßos no local","¬∑","Agendamento on-line","‚ãÖ 18:00 ‚ãÖ Abre ter. √†s 09:00","Nenhuma avalia√ß√£o"
"https://www.google.com.br/maps/place/Souza+e+Dias+Advogados+Associados/data=!4m7!3m6!1s0x97b30fce9152f7:0xe3880a0429bad53!8m2!3d-22.5268154!4d-41.9430686!16s%2Fg%2F11kpp4xbkc!19sChIJ91KRzg-zlwARU62bQqCAOA4?authuser=0&hl=pt-BR&rclk=1","Souza e Dias Advogados Associados","","","Advogado","¬∑","","Rua Jandira Moraes Pimentel, 490","¬∑","Fechado","","(22) 99267-0660","https://www.souzaediasadv.com/","Ó†ã","Website","ÓîÆ","Rotas","","","","‚ãÖ Abre ter. √†s 09:00","Nenhuma avalia√ß√£o"
"https://www.google.com.br/maps/place/Amanda+Rettich/data=!4m7!3m6!1s0x978b9c278b2cf3:0xb33fc96c08431176!8m2!3d-22.5085462!4d-41.9243973!16s%2Fg%2F11lnjsbc2x!19sChIJ8yyLJ5yLlwARdhFDCGzJP7M?authuser=0&hl=pt-BR&rclk=1","Amanda Rettich","","","Advogado","¬∑","","R. √Ågata, 125","Fecha em breve","‚ãÖ 18:00 ‚ãÖ Abre ter. √† 00:00","¬∑","(21) 99565-7119","","ÓîÆ","Rotas","","","","","","","Nenhuma avalia√ß√£o"
"https://www.google.com.br/maps/place/Advogada+Thayn%C3%A1+de+Paula/data=!4m7!3m6!1s0x97b3f7c317daa5:0xc78dece41d90d928!8m2!3d-22.5254803!4d-41.9530991!16s%2Fg%2F11vx6z0gs5!19sChIJpdoXw_ezlwARKNmQHeTsjcc?authuser=0&hl=pt-BR&rclk=1","Advogada Thayn√° de Paula","","","Advogado especialista em direito m√©dico","¬∑","","R. Rio de Janeiro, 192","¬∑","Fechado","","(22) 99788-1122","https://thaynadepaula.com.br/","Ó†ã","Website","ÓîÆ","Rotas","Agendamento on-line","","","‚ãÖ Abre ter. √†s 09:00","Nenhuma avalia√ß√£o"
"https://www.google.com.br/maps/place/Limas+Advogados/data=!4m7!3m6!1s0x964b4cba026fc1:0x3a2b675e7366c225!8m2!3d-22.4922362!4d-41.9177218!16s%2Fg%2F11sstvnp_n!19sChIJwW8CukxLlgARJcJmc15nKzo?authuser=0&hl=pt-BR&rclk=1","Limas Advogados","","","Escrit√≥rio de advocacia","¬∑","","Av. das Flores, Qd 07 - Lt 01","Fechado","‚ãÖ Abre ter. √†s 09:00","","","","ÓîÆ","Rotas","","","","","","","Nenhuma avalia√ß√£o"
"https://www.google.com.br/maps/place/Elaine+Lopes+-+Advogada/data=!4m7!3m6!1s0x97b5f674e49fa9:0xebde35eeb968689e!8m2!3d-22.4954569!4d-41.9229697!16s%2Fg%2F11ltq6ygm9!19sChIJqZ_kdPa1lwARnmhoue413us?authuser=0&hl=pt-BR&rclk=1","Elaine Lopes - Advogada","","","Advogado previdenci√°rio","¬∑","","Estrada Professor Leandro Faria Sarzedas, 369, Galeria, sala 1","Fechado","‚ãÖ Abre ter. √†s 09:30","¬∑","(22) 99747-2166","","ÓîÆ","Rotas","","","Servi√ßos no local","¬∑","Agendamento on-line","","Nenhuma avalia√ß√£o"
"https://www.google.com.br/maps/place/M%C3%B4nica+Lima+Adv.+Criminal/data=!4m7!3m6!1s0x97b35cac700e81:0x6c8e444f207c5055!8m2!3d-22.5510581!4d-41.976964!16s%2Fg%2F11rq3rlt2z!19sChIJgQ5wrFyzlwARVVB8IE9Ejmw?authuser=0&hl=pt-BR&rclk=1","M√¥nica Lima Adv. Criminal","","","Advogado","¬∑","","13 Rua sergipe eAv. Governador Roberto Silveira, Av. Costa Azul, 25","Fecha em breve","‚ãÖ 18:00 ‚ãÖ Abre ter. √†s 09:00","¬∑","(22) 99947-1530","","ÓîÆ","Rotas","","","Servi√ßos no local","¬∑","Agendamento on-line","","Nenhuma avalia√ß√£o"
"https://www.google.com.br/maps/place/Camacho+Mucelin+Advogados/data=!4m7!3m6!1s0x97b5c4d2f37e33:0x34d65aff955bddc7!8m2!3d-22.5124144!4d-41.9293285!16s%2Fg%2F11pq2hjrmy!19sChIJM37z0sS1lwARx91blf9a1jQ?authuser=0&hl=pt-BR&rclk=1","Camacho Mucelin Advogados","","","Escrit√≥rio de advocacia","¬∑","","R. Nelson Pecegueiro do Amaral","Fecha em breve","‚ãÖ 18:00 ‚ãÖ Abre ter. √†s 10:00","¬∑","(22) 97400-8914","","ÓîÆ","Rotas","","","","","","","Nenhuma avalia√ß√£o"
"https://www.google.com.br/maps/place/GM+Advocacia+e+Consultoria+Jur%C3%ADdica/data=!4m7!3m6!1s0x97b4d33589f1c3:0xedd8bd1e5802c1f7!8m2!3d-22.4969994!4d-41.9201972!16s%2Fg%2F11bbvpk_yd!19sChIJw_GJNdO0lwAR98ECWB692O0?authuser=0&hl=pt-BR&rclk=1","GM Advocacia e Consultoria Jur√≠dica","","","Advogado","¬∑","Ó§¥","¬∑","Av. Nossa Sra. da Concei√ß√£o, 110","Fechado","¬∑","(22) 2210-2056","https://www.facebook.com/pages/GM-Advocacia-e-Consultoria-Jur%C3%ADdica/508600365938782","Ó†ã","Website","ÓîÆ","Rotas","","","","‚ãÖ Abre ter. √†s 09:00","Nenhuma avalia√ß√£o"
"https://www.google.com.br/maps/place/Dr.+Marco+Antonio+Cunha+-+Advogado/data=!4m7!3m6!1s0x97b398ff3d4673:0xb8deb90351d148d5!8m2!3d-22.526322!4d-41.941606!16s%2Fg%2F11vhzrcztm!19sChIJc0Y9_5izlwAR1UjRUQO53rg?authuser=0&hl=pt-BR&rclk=1","Dr. Marco Antonio Cunha - Advogado","","","Escrit√≥rio de advocacia","¬∑","","R. Rego Barros, 180 - Sala B 303","Fechado","‚ãÖ Abre ter. √†s 09:00","¬∑","(22) 99774-1044","","ÓîÆ","Rotas","","","","","","","Nenhuma avalia√ß√£o"
"https://www.google.com.br/maps/place/Advogado+Correspondente+Casimiro+de+Abreu/data=!4m7!3m6!1s0x97b364f22071c9:0x91d1d67027f0aef7!8m2!3d-22.5271338!4d-41.947433!16s%2Fg%2F11g9fmt3yx!19sChIJyXEg8mSzlwAR967wJ3DW0ZE?authuser=0&hl=pt-BR&rclk=1","Advogado Correspondente Casimiro de Abreu","","","Advogado","¬∑","Ó§¥","¬∑","R. Araguaia, N 120","Fechado","¬∑","(22) 99284-9423","http://www.facebook.com/macabuadvocacia","Ó†ã","Website","ÓîÆ","Rotas","","","","‚ãÖ Abre ter. √†s 09:00","Nenhuma avalia√ß√£o"
"https://www.google.com.br/maps/place/R.Rangel+Advogados/data=!4m7!3m6!1s0x97b510cc1f440b:0x497235b75bd85b53!8m2!3d-22.4980083!4d-41.924461!16s%2Fg%2F11t838sqfh!19sChIJC0QfzBC1lwARU1vYW7c1ckk?authuser=0&hl=pt-BR&rclk=1","R.Rangel Advogados","","","Advogado","¬∑","Ó§¥","¬∑","Fechado","‚ãÖ Abre ter. √†s 09:00","Rua Campo de Anchova","(22) 99273-6040","","ÓîÆ","Rotas","","","","","","¬∑","Nenhuma avalia√ß√£o"
"https://www.google.com.br/maps/place/Araujo+Mattos+Advocacia/data=!4m7!3m6!1s0x97b39ddad1e49b:0xe2f1453380e9dbc1!8m2!3d-22.5262309!4d-41.9396373!16s%2Fg%2F11w1m18_8j!19sChIJm-TR2p2zlwARwdvpgDNF8eI?authuser=0&hl=pt-BR&rclk=1","Araujo Mattos Advocacia","","","Assist√™ncia jur√≠dica","¬∑","Ó§¥","¬∑","R. Jovem Viana, 175","Fechado","¬∑","(22) 99204-9353","https://advaraujomattos.wixsite.com/araujo-mattos-advoca","Ó†ã","Website","ÓîÆ","Rotas","","","","‚ãÖ Abre ter. √†s 10:00","Nenhuma avalia√ß√£o"
"https://www.google.com.br/maps/place/Joelma+Baessa+Advocacia/data=!4m7!3m6!1s0x97b39fdea863cb:0x8552cbc166094b4b!8m2!3d-22.5210878!4d-41.9482566!16s%2Fg%2F11st9g23x8!19sChIJy2Oo3p-zlwARS0sJZsHLUoU?authuser=0&hl=pt-BR&rclk=1","Joelma Baessa Advocacia","","","Advogado trabalhista","¬∑","","R. Lourival Neves, 73","","","","(22) 99991-4538","https://instagram.com/joelmabaessa?igshid=ZDdkNTZiNTM=","Ó†ã","Website","ÓîÆ","Rotas","","","","","Nenhuma avalia√ß√£o"
"https://www.google.com.br/maps/place/Goes+Advogado/data=!4m7!3m6!1s0x97b4b3c2696b0f:0xcd76d37ddc9a4f18!8m2!3d-22.5149419!4d-41.9236942!16s%2Fg%2F11b6httytg!19sChIJD2tpwrO0lwARGE-a3H3Tds0?authuser=0&hl=pt-BR&rclk=1","Goes Advogado","","","Advogado","¬∑","","R. Alexandre Barbosa","","","","(22) 2764-6148","","ÓîÆ","Rotas","","","","","","","Nenhuma avalia√ß√£o"
"https://www.google.com.br/maps/place/Azevedo+%26+Loubach+-+Advocacia+e+consultoria+jur%C3%ADdica/data=!4m7!3m6!1s0x97b34111df3449:0xd2189ce367e3f2ce!8m2!3d-22.5309325!4d-41.957721!16s%2Fg%2F11ts496hd0!19sChIJSTTfEUGzlwARzvLjZ-OcGNI?authuser=0&hl=pt-BR&rclk=1","Azevedo & Loubach - Advocacia e consultoria jur√≠dica","4,9","(23)","Advogado criminal","¬∑","Ó§¥","¬∑","frente da Defesa Civil - R. Valdecir Barros de Farias, 302 - lj 01 (na","Aberto 24 horas","¬∑","(22) 97405-3015","https://azevedoloubach.adv.br/site/","Ó†ã","Website","ÓîÆ","Rotas","Servi√ßos no local","¬∑","Agendamento on-line","",""
"https://www.google.com.br/maps/place/Luzimara+Azevedo/data=!4m7!3m6!1s0x97b3005f4c62bd:0xe34fe170a1d0957b!8m2!3d-22.5548648!4d-41.9793646!16s%2Fg%2F11vr96k12n!19sChIJvWJMXwCzlwARe5XQoXDhT-M?authuser=0&hl=pt-BR&rclk=1","Luzimara Azevedo","1,0","(1)","Advogado","¬∑","","R. Mato Grosso, 118","","","","","","ÓîÆ","Rotas","","","","","","",""
"https://www.google.com.br/maps/place/Fabio+Souza+Advogado/data=!4m7!3m6!1s0x97b51006b09cbb:0xcca1a086ec34d938!8m2!3d-22.5204367!4d-41.9472015!16s%2Fg%2F11q4jxmlmg!19sChIJu5ywBhC1lwARONk07Iagocw?authuser=0&hl=pt-BR&rclk=1","Fabio Souza Advogado","","","Empresa de advocacia","¬∑","","Av. Amazonas, 968","Fechado","‚ãÖ Abre ter. √†s 09:00","¬∑","(22) 2771-1424","","ÓîÆ","Rotas","","","","","","","Nenhuma avalia√ß√£o"
"https://www.google.com.br/maps/place/Gon%C3%A7alves+Advocacia/data=!4m7!3m6!1s0x97b3c75c8c0f13:0x683a163d4fd04b7!8m2!3d-22.5272953!4d-41.9431673!16s%2Fg%2F11sb9nzs9k!19sChIJEw-MXMezlwARtwT91GOhgwY?authuser=0&hl=pt-BR&rclk=1","Gon√ßalves Advocacia","","","Escrit√≥rio de advocacia","¬∑","","R. Maria Let√≠cia, 36 - sala 105","","","","(22) 99910-4285","","ÓîÆ","Rotas","","","","","","","Nenhuma avalia√ß√£o"
"https://www.google.com.br/maps/place/Oliveira+%26+Souza+Advogados+Associados./data=!4m7!3m6!1s0x97b546fc55ff87:0xba07612547904681!8m2!3d-22.5274266!4d-41.9230483!16s%2Fg%2F11rgdfn9mk!19sChIJh_9V_Ea1lwARgUaQRyVhB7o?authuser=0&hl=pt-BR&rclk=1","Oliveira & Souza Advogados Associados.","","","Advogado","¬∑","","Rui Nei Cardoso n¬∫ 771 Tocol√¢ndia, Setor Administrativo","Fechado","‚ãÖ Abre ter. √†s 10:00","¬∑","(22) 99617-8506","","ÓîÆ","Rotas","","","","","","","Nenhuma avalia√ß√£o"
"https://www.google.com.br/maps/place/Carmen+L%C3%BAcia+de+Souza+Bastos+Advocacia+e+Consultoria/data=!4m7!3m6!1s0x97b4a11db61dd3:0x2526d2ade57d1f93!8m2!3d-22.5177971!4d-41.9416009!16s%2Fg%2F11gfjs6y80!19sChIJ0x22HaG0lwARkx995a3SJiU?authuser=0&hl=pt-BR&rclk=1","Carmen L√∫cia de Souza Bastos Advocacia e Consultoria","","","Advogado previdenci√°rio","¬∑","","R. Bangu, 1468","","","","(22) 99986-5364","","ÓîÆ","Rotas","","","","","","","Nenhuma avalia√ß√£o"
"https://www.google.com.br/maps/place/Moreira+Bueno+Advocacia+e+Consultoria/data=!4m7!3m6!1s0x97b4cfedf7d755:0xd0916b4775939eb5!8m2!3d-22.498145!4d-41.929779!16s%2Fg%2F1ptx3l19r!19sChIJVdf37c-0lwARtZ6TdUdrkdA?authuser=0&hl=pt-BR&rclk=1","Moreira Bueno Advocacia e Consultoria","","","Advogado","¬∑","","R. Resende, 713","Fechado","‚ãÖ Abre ter. √†s 09:00","¬∑","(22) 2771-1494","","ÓîÆ","Rotas","","","","","","","Nenhuma avalia√ß√£o"
"https://www.google.com.br/maps/place/Ladeira+e+Castro+Assessoria+Jur%C3%ADdica/data=!4m7!3m6!1s0x97b32bb0792aef:0x9a8e5ef4ee88fb41!8m2!3d-22.5261503!4d-41.9421168!16s%2Fg%2F11h04ntzd9!19sChIJ7yp5sCuzlwARQfuI7vRejpo?authuser=0&hl=pt-BR&rclk=1","Ladeira e Castro Assessoria Jur√≠dica","","","Advogado","¬∑","","RJ-106, 4878 - sala 04","Fechado","‚ãÖ Abre ter. √†s 09:00","¬∑","(22) 98832-4980","","ÓîÆ","Rotas","","","","","","","Nenhuma avalia√ß√£o"
"https://www.google.com.br/maps/place/MV+Consultoria+Jur%C3%ADdica/data=!4m7!3m6!1s0x97b339dce12b4d:0x8d9f63b71f41ab90!8m2!3d-22.5272953!4d-41.9431673!16s%2Fg%2F11t6yh_ksf!19sChIJTSvh3DmzlwARkKtBH7djn40?authuser=0&hl=pt-BR&rclk=1","MV Consultoria Jur√≠dica","","","Advogado","¬∑","","R. Maria Let√≠cia, 36 - sala 206","¬∑","Fecha em breve","","(22) 99795-8052","https://instagram.com/mv.consultoriajuridica?igshid=ZDdkNTZiNTM=","Ó†ã","Website","ÓîÆ","Rotas","","","","‚ãÖ 18:00 ‚ãÖ Abre ter. √†s 10:00","Nenhuma avalia√ß√£o"
"https://www.google.com.br/maps/place/GSAL+Advogados+Associados/data=!4m7!3m6!1s0x964b209e353055:0xaf1bd495f8418f57!8m2!3d-22.4951336!4d-41.917613!16s%2Fg%2F11gtxjlwrq!19sChIJVTA1niBLlgARV49B-JXUG68?authuser=0&hl=pt-BR&rclk=1","GSAL Advogados Associados","","","Escrit√≥rio de advocacia","¬∑","","Av. dos Bandeirantes, 2600 - 210","Fechado","‚ãÖ Abre ter. √†s 09:00","¬∑","(22) 2771-9084","","ÓîÆ","Rotas","","","","","","","Nenhuma avalia√ß√£o"
"https://www.google.com.br/maps/place/Moreira+Sales+Advocacia+%26+Consultoria/data=!4m7!3m6!1s0x97b55102135d09:0xa8266c2be9dc6f48!8m2!3d-22.5072972!4d-41.9263963!16s%2Fg%2F11lg80q_3n!19sChIJCV0TAlG1lwARSG_c6StsJqg?authuser=0&hl=pt-BR&rclk=1","Moreira Sales Advocacia & Consultoria","","","Escrit√≥rio de advocacia","¬∑","","Av. dos Bandeirantes, 726 - Sala 202","¬∑","Fecha em breve","","(21) 97629-8094","http://www.moreirasales.adv.br/","Ó†ã","Website","ÓîÆ","Rotas","","","","‚ãÖ 18:00 ‚ãÖ Abre ter. √†s 09:00","Nenhuma avalia√ß√£o"
"https://www.google.com.br/maps/place/Christiane+Braga+Consultoria+Jur%C3%ADdica/data=!4m7!3m6!1s0x97b56e204ffca5:0x7ba6d46a03c99383!8m2!3d-22.4978185!4d-41.9208115!16s%2Fg%2F11hzpkjrv7!19sChIJpfxPIG61lwARg5PJA2rUpns?authuser=0&hl=pt-BR&rclk=1","Christiane Braga Consultoria Jur√≠dica","","","Advogado","¬∑","Ó§¥","¬∑","Fechado","‚ãÖ Abre ter. √†s 09:00","Av. Alcebiades Sabino dos Santos, 359 - sala 110","(22) 3199-9950","","ÓîÆ","Rotas","","","","","","¬∑","Nenhuma avalia√ß√£o"
"https://www.google.com.br/maps/place/Daniele+Vital+Advocacia+Especializada+%7C+Advogada+em+Rio+das+Ostras+%7C+Advocacia+Familiarista/data=!4m7!3m6!1s0xb571032ed4ca565:0x94cfc987ecbc63d6!8m2!3d-22.6749225!4d-42.7420837!16s%2Fg%2F11wy3ctn9_!19sChIJZaVM7TIQVwsR1mO87IfJz5Q?authuser=0&hl=pt-BR&rclk=1","Daniele Vital Advocacia Especializada | Advogada em Rio das Ostras | Advocacia Familiarista","5,0","(8)","Escrit√≥rio de advocacia","","","¬∑","Aberto 24 horas","","","(21) 98848-8714","","ÓîÆ","Rotas","","","""√ìtima profissional, dedicada e muito atenciosa com seus clientes.""","","","",""
"https://www.google.com.br/maps/place/GARCIA+%26+LIMA+ADVOGADOS+ASSOCIADOS/data=!4m7!3m6!1s0x97b3df67c4c01b:0x62d42d4f1d1578af!8m2!3d-22.5271863!4d-41.9503306!16s%2Fg%2F11h3t7hhc5!19sChIJG8DEZ9-zlwARr3gVHU8t1GI?authuser=0&hl=pt-BR&rclk=1","GARCIA & LIMA ADVOGADOS ASSOCIADOS","","","Escrit√≥rio de advocacia","¬∑","","Pra√ßa Pref. Claudio Ribeiro, 178","","","","(22) 99273-8515","","ÓîÆ","Rotas","","","","","","","Nenhuma avalia√ß√£o"
"https://www.google.com.br/maps/place/Laura+Vieira+Advocacia/data=!4m7!3m6!1s0x97b500257a0c29:0xbec0f033e2b80f67!8m2!3d-22.5215118!4d-41.9414339!16s%2Fg%2F11x18vfnzy!19sChIJKQx6JQC1lwARZw-44jPwwL4?authuser=0&hl=pt-BR&rclk=1","Laura Vieira Advocacia","","","Escrit√≥rio de advocacia","¬∑","","R. Tijuca, 438","Fecha em breve","‚ãÖ 18:00 ‚ãÖ Abre ter. √†s 10:00","¬∑","(22) 99703-3680","","ÓîÆ","Rotas","","","","","","","Nenhuma avalia√ß√£o"
"https://www.google.com.br/maps/place/Santos+Advocacia/data=!4m7!3m6!1s0x97b4a102d5fa0b:0x57b8e97742e42e1f!8m2!3d-22.5216177!4d-41.9364277!16s%2Fg%2F11bzwnkbyc!19sChIJC_rVAqG0lwARHy7kQnfpuFc?authuser=0&hl=pt-BR&rclk=1","Santos Advocacia","","","Advogado","¬∑","","Tv. Primavera","","","","(22) 99869-0401","","ÓîÆ","Rotas","","","","","","","Nenhuma avalia√ß√£o"
"https://www.google.com.br/maps/place/Caroline+Domingues+Advogada/data=!4m7!3m6!1s0x97b3a8fb242f7d:0x521db5f94ce1de30!8m2!3d-22.5236751!4d-41.940826!16s%2Fg%2F11h6b5gg9y!19sChIJfS8k-6izlwARMN7hTPm1HVI?authuser=0&hl=pt-BR&rclk=1","Caroline Domingues Advogada","","","Escrit√≥rio de advocacia","¬∑","","Rua Mayer, Av. Novo Rio das Ostras, n.152","Fecha em breve","‚ãÖ 18:00 ‚ãÖ Abre ter. √†s 08:00","¬∑","(22) 98153-9664","","ÓîÆ","Rotas","","","","","","","Nenhuma avalia√ß√£o"
"https://www.google.com.br/maps/place/Mayara+Corre%C3%A2+Advocacia+e+Consultoria/data=!4m7!3m6!1s0x97b4a11e211423:0x23341722127352d!8m2!3d-22.5218929!4d-41.9360454!16s%2Fg%2F11hbq9_xrj!19sChIJIxQhHqG0lwARLTUnIXJBMwI?authuser=0&hl=pt-BR&rclk=1","Mayara Corre√¢ Advocacia e Consultoria","","","Advogado","¬∑","","Tv. Primavera, 75","","","","(22) 99919-3601","https://www.facebook.com/BastosCorreaELimaAdvogados","Ó†ã","Website","ÓîÆ","Rotas","","","","","Nenhuma avalia√ß√£o"
"https://www.google.com.br/maps/place/KM+Advocacia/data=!4m7!3m6!1s0x97b30528e1c3b7:0x581f2eac369e51ca!8m2!3d-22.5269856!4d-41.9439347!16s%2Fg%2F11v0xrxjn4!19sChIJt8PhKAWzlwARylGeNqwuH1g?authuser=0&hl=pt-BR&rclk=1","KM Advocacia","","","Empresa de advocacia","¬∑","","Rod. Amaral Peixoto, 4598 - sala 106","Fechado","‚ãÖ Abre ter. √†s 09:00","¬∑","(22) 99278-8177","","ÓîÆ","Rotas","","","","","","","Nenhuma avalia√ß√£o"
"https://www.google.com.br/maps/place/Dr.+Taylor+Mariano+Advogado/data=!4m7!3m6!1s0x97b4a0407d2e15:0x170d961b182fe773!8m2!3d-22.4149831!4d-41.8412394!16s%2Fg%2F11btyfl9k2!19sChIJFS59QKC0lwARc-cvGBuWDRc?authuser=0&hl=pt-BR&rclk=1","Dr. Taylor Mariano Advogado","4,8","(114)","Advogado","","","¬∑","","Fechado","","(22) 99710-9499","https://www.taylormariano.adv.br/","Ó†ã","Website","ÓîÆ","Rotas","Agendamento on-line","","","‚ãÖ Abre ter. √†s 10:00",""
"https://www.google.com.br/maps/place/Reis+%26+Reis+Advocacia/data=!4m7!3m6!1s0x97b4ae765f8da5:0x32ad621af40268fa!8m2!3d-22.5124305!4d-41.9291593!16s%2Fg%2F1s04j1wmd!19sChIJpY1fdq60lwAR-mgC9BpirTI?authuser=0&hl=pt-BR&rclk=1","Reis & Reis Advocacia","4,6","(14)","Advogado previdenci√°rio","¬∑","","R. Nelson Pecegueiro do Amaral, 57, R. Nelson Pecegueiro do Amaral, 57 - 02 - loja 02","¬∑","Fecha em breve","","(22) 99843-1243","http://advreisereis.com.br/","Ó†ã","Website","ÓîÆ","Rotas","""√ìtimo atendimento.profissionalismo e conhecimento exuberante.""","","","‚ãÖ 18:00 ‚ãÖ Abre ter. √†s 09:00",""
"https://www.google.com.br/maps/place/SM+consultoria+%7C+Juros+Abusivos/data=!4m7!3m6!1s0x971b5cb597fc83:0x786b9da9a13c4b95!8m2!3d-22.5477328!4d-41.9790777!16s%2Fg%2F11v9c4pzzv!19sChIJg_yXtVwblwARlUs8oamda3g?authuser=0&hl=pt-BR&rclk=1","SM consultoria | Juros Abusivos","5,0","(5)","Consultoria","¬∑","","R. Alagoas, 495","¬∑","Fecha em breve","","(22) 3034-3836","https://consultoria-sm.com/","Ó†ã","Website","ÓîÆ","Rotas","""A melhor empresa no ramo de consultorias!""","","","‚ãÖ 18:00 ‚ãÖ Abre ter. √†s 08:00",""
"https://www.google.com.br/maps/place/Assis+%26+Manh%C3%A3es+Advocacia/data=!4m7!3m6!1s0x97b3b973c22851:0xfa49c11d2ced15c7!8m2!3d-22.526586!4d-41.9420749!16s%2Fg%2F11lkj2ntrc!19sChIJUSjCc7mzlwARxxXtLB3BSfo?authuser=0&hl=pt-BR&rclk=1","Assis & Manh√£es Advocacia","","","Escrit√≥rio de advocacia","¬∑","","R. Rego Barros, 141 - Sala 22","","","","(22) 99999-5282","","ÓîÆ","Rotas","","","","","","","Nenhuma avalia√ß√£o"
"https://www.google.com.br/maps/place/Advogados+de+Sucesso/data=!4m7!3m6!1s0x97b361d22026b3:0x461a448f3f94764e!8m2!3d-22.5278568!4d-41.9467055!16s%2Fg%2F11h3qz5cjs!19sChIJsyYg0mGzlwARTnaUP49EGkY?authuser=0&hl=pt-BR&rclk=1","Advogados de Sucesso","","","Escola de educa√ß√£o para adultos","¬∑","","Av. Pref. Cl√°udio Ribeiro, 178 - T√©rreo","","","","(21) 99781-8840","https://advogadosdesucesso.com/","Ó†ã","Website","ÓîÆ","Rotas","","","","","Nenhuma avalia√ß√£o"
"https://www.google.com.br/maps/place/Notorium+Solu%C3%A7%C3%B5es+Jur%C3%ADdicas/data=!4m7!3m6!1s0x97b3584118f9b3:0x3a097bb976ba47d7!8m2!3d-22.5268154!4d-41.9430686!16s%2Fg%2F11t_hjn4zm!19sChIJs_kYQVizlwAR10e6drl7CTo?authuser=0&hl=pt-BR&rclk=1","Notorium Solu√ß√µes Jur√≠dicas","","","Advogado de pr√°ticas gerais","¬∑","","Rua Jandira Moraes Pimentel, 490","Fechado","‚ãÖ Abre ter. √†s 09:00","¬∑","(22) 99224-7262","","ÓîÆ","Rotas","","","Servi√ßos no local","¬∑","Agendamento on-line","","Nenhuma avalia√ß√£o"
"","","","","","","","","","","","","","","","","","","","","",""